caseID,test,criterion,ref_foc
2,145,2.17,a_reference
10,93,3.62,a_reference
11,102,2.83,b_focal
16,96,1.92,a_reference
21,90,2.8,a_reference
28,101,2.48,b_focal
41,96,2.5,b_focal
45,80,1.59,b_focal
49,111,2.37,b_focal
53,87,2.66,b_focal
56,116,3.44,b_focal
60,77,2.97,a_reference
63,90,2.53,b_focal
65,83,2.38,a_reference
70,104,2.36,a_reference
79,87,2.44,a_reference
102,82,2.5,b_focal
103,103,2.52,b_focal
105,99,2.96,a_reference
107,108,3.56,b_focal
108,99,3.14,a_reference
109,123,3.44,b_focal
110,105,3,b_focal
114,102,2.75,b_focal
116,92,2.49,a_reference
117,98,2.24,a_reference
121,101,2.48,a_reference
122,92,2.3,a_reference
127,103,3.08,b_focal
128,110,3.43,b_focal
132,112,3.44,a_reference
133,118,3.21,a_reference
134,112,3.36,a_reference
136,106,3.55,b_focal
138,106,2.04,a_reference
139,108,3.62,b_focal
144,113,2.38,a_reference
145,94,2.32,a_reference
147,94,1.69,b_focal
148,83,2.58,b_focal
149,75,2.39,b_focal
150,88,2,a_reference
151,84,2.24,b_focal
152,85,2.2,a_reference
156,124,3.6,a_reference
157,87,3.74,b_focal
158,89,3.86,a_reference
161,74,2.56,a_reference
168,82,2.46,a_reference
169,113,3.17,b_focal
170,116,3.2,b_focal
171,99,3.29,b_focal
174,93,2.92,a_reference
176,124,3.39,a_reference
179,110,3.7,b_focal
181,128,3.7,b_focal
182,113,3.63,b_focal
184,99,2.65,a_reference
187,105,2.87,a_reference
189,96,2.85,b_focal
191,104,2.68,a_reference
199,105,3.01,a_reference
201,115,3.2,b_focal
202,103,2.88,a_reference
203,104,3.56,b_focal
206,94,2.98,a_reference
208,117,3.59,b_focal
209,87,1.95,a_reference
210,87,1.58,a_reference
213,108,3.46,b_focal
214,94,3.13,b_focal
218,85,2.22,a_reference
219,106,3.49,a_reference
220,106,2.43,a_reference
221,92,2.96,b_focal
224,85,3.03,b_focal
228,90,2.56,a_reference
229,115,3.77,b_focal
230,94,3.02,a_reference
234,85,2.64,b_focal
241,92,3.36,b_focal
242,83,3.03,a_reference
243,93,2.53,b_focal
244,99,2.21,a_reference
245,97,3.31,b_focal
247,113,3.32,a_reference
248,110,3.13,b_focal
251,113,2.99,a_reference
252,88,2.96,b_focal
254,103,3.28,a_reference
258,98,2.87,a_reference
261,84,2.29,a_reference
263,104,3,a_reference
265,87,2.64,a_reference
268,85,2.61,a_reference
270,100,2.6,b_focal
271,85,1.85,b_focal
277,85,2.26,a_reference
280,104,2.94,a_reference
281,105,2.52,a_reference
283,108,2.65,a_reference
286,129,3.73,b_focal
288,104,2.91,b_focal
289,93,2.56,b_focal
290,98,2.12,b_focal
292,103,2.94,b_focal
293,116,3.47,b_focal
294,104,3.17,a_reference
295,93,2.68,b_focal
296,76,2.99,b_focal
297,89,2.69,a_reference
298,104,2.94,b_focal
300,106,3.15,b_focal
304,114,2.66,a_reference
310,106,2.9,b_focal
311,106,3.06,a_reference
312,120,3.25,b_focal
314,145,3.36,a_reference
315,92,2.09,b_focal
320,87,3.11,b_focal
322,93,3.15,b_focal
325,90,2.77,a_reference
327,112,3.69,b_focal
328,84,2.81,a_reference
329,92,2.83,a_reference
333,92,3.08,b_focal
334,101,3.2,b_focal
337,121,3.29,a_reference
340,89,3.06,a_reference
341,90,2.98,a_reference
342,92,2.39,a_reference
346,73,2.87,a_reference
347,83,2.24,a_reference
349,79,2.63,a_reference
350,105,2.42,a_reference
354,97,2.54,b_focal
358,55,2.16,a_reference
360,104,3.36,a_reference
363,97,2.69,b_focal
364,92,2.85,b_focal
370,100,1.85,a_reference
372,90,2.54,a_reference
375,123,2.39,a_reference
377,100,2.4,b_focal
378,101,2.48,a_reference
384,99,2.8,a_reference
385,83,2.73,a_reference
387,85,1.67,b_focal
390,86,2.92,b_focal
395,103,2.63,a_reference
396,86,3.47,a_reference
397,83,1,a_reference
401,104,2.45,a_reference
402,92,2.92,b_focal
403,88,2.87,b_focal
406,112,3.81,b_focal
412,77,2.93,a_reference
421,73,2.64,a_reference
427,78,2.56,a_reference
430,94,3.31,a_reference
431,81,3.36,b_focal
433,84,2.37,b_focal
434,101,2.47,a_reference
441,106,1.97,a_reference
446,87,3.4,a_reference
448,59,2.71,b_focal
451,83,3.34,a_reference
454,102,3.06,a_reference
456,93,3.02,a_reference
458,97,3.78,a_reference
464,86,2.91,b_focal
467,80,2.28,b_focal
469,78,3.48,b_focal
470,72,2.95,b_focal
476,87,3.27,a_reference
477,92,2.23,b_focal
478,91,3.54,b_focal
479,74,2.43,b_focal
481,85,2.47,a_reference
482,84,1.41,a_reference
488,90,2.97,b_focal
489,100,3.37,b_focal
492,105,3.49,b_focal
496,93,3.37,a_reference
499,99,2.98,b_focal
500,100,2.4,a_reference
502,103,2.5,a_reference
503,96,3.1,a_reference
505,93,2.73,a_reference
506,90,2.71,a_reference
509,93,2.84,b_focal
515,82,2.81,b_focal
517,82,3,a_reference
522,78,2.31,a_reference
527,113,3.41,a_reference
533,108,3.68,b_focal
538,81,2.69,b_focal
540,104,3.87,b_focal
542,104,3.19,b_focal
543,103,2.37,a_reference
547,145,3.53,a_reference
548,107,2.83,b_focal
549,108,1.9,a_reference
550,124,3.43,a_reference
551,116,3.53,a_reference
555,121,3.98,a_reference
559,112,3.66,b_focal
562,88,2.81,b_focal
564,106,2.76,a_reference
565,98,3.08,a_reference
566,96,2.95,b_focal
572,100,2.65,a_reference
574,65,1,b_focal
576,95,3.38,a_reference
577,100,2.82,a_reference
580,93,2.78,a_reference
581,112,3.03,a_reference
582,80,2.15,b_focal
584,103,3.63,b_focal
585,109,3.12,b_focal
587,89,3.04,b_focal
590,114,2.22,a_reference
592,82,3.28,b_focal
595,89,.42,b_focal
599,87,2.77,b_focal
600,75,3.24,a_reference
602,81,2.47,b_focal
603,87,2.24,a_reference
605,89,3.27,b_focal
607,96,3.14,b_focal
608,93,2.96,a_reference
609,106,2.93,b_focal
610,96,1.96,b_focal
611,106,2.36,a_reference
612,119,3.29,a_reference
613,107,2.38,a_reference
615,87,3.69,b_focal
616,118,3.94,a_reference
617,88,3.43,b_focal
618,92,2.77,a_reference
619,87,2.81,a_reference
623,81,2.12,a_reference
625,74,.91,a_reference
626,55,2.84,b_focal
628,102,3.6,a_reference
629,93,3.13,b_focal
632,115,3.6,b_focal
633,114,3.47,b_focal
640,101,2.32,a_reference
643,99,2.91,a_reference
647,81,3.42,a_reference
649,107,3.13,a_reference
650,88,2.84,b_focal
653,108,2.37,a_reference
656,94,2.27,a_reference
658,92,2.35,b_focal
660,102,2.49,b_focal
661,85,2.82,a_reference
664,93,2.61,a_reference
668,113,3.6,b_focal
671,98,1.66,a_reference
673,98,2.32,a_reference
674,79,2.76,b_focal
677,79,2.01,b_focal
678,101,1.36,a_reference
679,86,1.62,b_focal
681,102,2.32,b_focal
683,91,2.47,a_reference
684,85,1.82,b_focal
685,73,2.12,a_reference
688,85,2.69,a_reference
689,87,3.05,b_focal
693,94,2.32,b_focal
696,88,1.67,a_reference
699,89,2.09,a_reference
702,95,2.43,a_reference
704,94,2.27,b_focal
707,95,3.43,b_focal
709,99,1.98,b_focal
712,88,1.96,a_reference
713,72,.69,b_focal
714,91,2.24,a_reference
715,89,3.11,b_focal
716,92,2.06,a_reference
723,91,3.03,a_reference
724,121,3.57,a_reference
726,108,3.58,a_reference
727,119,3.17,b_focal
732,93,2.92,b_focal
737,104,2.58,a_reference
739,119,3.42,b_focal
742,105,3.55,b_focal
743,139,3.36,a_reference
744,108,3.52,a_reference
746,105,3.65,a_reference
748,88,2.66,b_focal
750,84,2.24,a_reference
751,86,2.13,b_focal
752,85,1.6,a_reference
755,102,3.53,b_focal
758,120,3.93,a_reference
759,113,2.92,a_reference
760,93,3.36,b_focal
764,83,1.8,a_reference
765,99,2.4,a_reference
766,105,3.34,a_reference
768,83,3.2,a_reference
769,84,3.48,b_focal
772,127,2.75,b_focal
774,105,2.62,b_focal
780,86,2.56,a_reference
788,111,3.21,a_reference
791,88,3.35,b_focal
794,110,3.25,a_reference
795,103,3.27,b_focal
798,114,3.99,a_reference
800,112,3.26,a_reference
801,86,2.97,b_focal
802,108,2.72,b_focal
804,101,2.84,a_reference
807,86,1.77,b_focal
814,88,1.81,b_focal
816,76,2.62,b_focal
820,92,1.7,a_reference
823,91,2.47,a_reference
825,86,3.17,b_focal
827,112,3,a_reference
844,93,3.25,b_focal
847,86,2.36,a_reference
848,92,2.38,b_focal
851,89,2.45,b_focal
853,81,3.02,b_focal
858,85,3.41,b_focal
859,74,2.45,a_reference
861,105,2.29,a_reference
863,90,1.38,b_focal
865,113,3.2,a_reference
866,75,2.7,a_reference
867,85,2.07,a_reference
870,100,3.06,a_reference
872,103,2.91,a_reference
873,97,3.04,b_focal
874,75,3.05,a_reference
875,87,2.07,b_focal
876,92,.1,b_focal
878,97,3.6,b_focal
879,100,3.42,b_focal
880,85,3.38,b_focal
883,89,2.24,b_focal
885,86,2.93,a_reference
886,104,3.08,a_reference
887,88,3.07,b_focal
889,85,1.31,a_reference
891,76,2.26,a_reference
892,81,2.62,b_focal
894,91,3.08,a_reference
895,98,2.66,a_reference
897,105,2.44,b_focal
898,103,1.99,a_reference
900,98,2.06,a_reference
901,103,3.47,b_focal
904,97,3.22,b_focal
905,86,1.97,b_focal
906,86,3.28,b_focal
908,95,2.46,b_focal
909,76,2.22,a_reference
913,84,3.51,b_focal
916,97,3.1,b_focal
917,95,2.98,a_reference
919,106,3.47,b_focal
922,98,3.29,b_focal
923,84,2.68,b_focal
924,89,3.22,b_focal
928,129,3.53,b_focal
931,112,3.9,b_focal
936,86,2.41,a_reference
940,126,3.22,a_reference
942,107,3.38,a_reference
948,86,3.13,b_focal
950,103,3.15,b_focal
953,98,2.3,a_reference
955,106,2.97,b_focal
956,108,3.21,a_reference
957,120,2.57,a_reference
959,83,2.5,a_reference
964,139,3.63,b_focal
966,90,2.93,b_focal
967,124,2.84,b_focal
970,108,3.62,a_reference
971,87,3.45,b_focal
981,78,2.38,a_reference
983,97,3.43,b_focal
985,84,2.2,b_focal
987,107,1.75,a_reference
988,112,4,b_focal
989,87,2.93,b_focal
990,102,2.83,a_reference
992,97,1.58,b_focal
998,86,1.98,a_reference
999,91,2.69,a_reference
1002,98,2.63,a_reference
1003,87,2.54,b_focal
1004,94,2.3,a_reference
1006,76,2.01,a_reference
1009,125,3.77,a_reference
1010,78,2.88,b_focal
1013,112,3.74,a_reference
1014,109,2.72,a_reference
1017,81,2.66,b_focal
1018,113,3.43,a_reference
1019,110,3.69,a_reference
1020,90,2.7,a_reference
1022,96,2.59,b_focal
1025,94,2.52,a_reference
1029,91,2.08,b_focal
1032,74,2.49,a_reference
1034,91,2.11,a_reference
1036,79,2.38,a_reference
1038,71,3.67,a_reference
1039,88,2.47,b_focal
1042,85,2.37,b_focal
1046,87,1.71,a_reference
1048,93,2.47,b_focal
1049,82,2.8,a_reference
1051,73,2.72,a_reference
1053,103,1.98,a_reference
1054,85,2.83,b_focal
1055,87,2.53,b_focal
1057,72,2.82,b_focal
1060,101,3.47,b_focal
1061,78,2.87,b_focal
1062,55,2.32,a_reference
1074,111,3.26,a_reference
1075,92,2.32,b_focal
1076,108,3.08,b_focal
1077,107,3.82,b_focal
1078,96,1.89,a_reference
1080,116,2.94,b_focal
1081,123,3.76,a_reference
1082,119,3.29,b_focal
1084,93,3.02,b_focal
1092,100,3.21,b_focal
1093,86,3.11,a_reference
1105,107,2.48,b_focal
1108,110,3.37,a_reference
1109,113,3.62,b_focal
1111,112,3.1,a_reference
1112,108,3.41,a_reference
1114,97,2.84,b_focal
1116,115,3.89,b_focal
1117,95,3.16,a_reference
1121,90,3.02,b_focal
1123,96,3.29,b_focal
1125,74,2.49,a_reference
1128,90,2.33,b_focal
1135,113,2.67,a_reference
1140,121,3.7,a_reference
1145,119,3.36,b_focal
1150,105,3.25,a_reference
1155,89,2.34,a_reference
1156,90,2.34,b_focal
1160,118,3.72,b_focal
1163,118,2.87,a_reference
1164,104,2.76,a_reference
1165,97,2.79,b_focal
1169,97,2.81,b_focal
1171,107,3.35,a_reference
1172,94,2.18,a_reference
1173,107,3.57,b_focal
1175,89,3.35,b_focal
1177,84,2.63,b_focal
1178,137,3.18,a_reference
1179,86,2.14,a_reference
1180,117,1.53,a_reference
1181,111,3.19,b_focal
1185,106,2.89,a_reference
1187,113,3.68,b_focal
1188,110,3.44,b_focal
1192,94,1.85,a_reference
1193,108,2.67,a_reference
1194,107,3.07,b_focal
1195,92,2.11,a_reference
1204,84,1.87,a_reference
1206,96,2.54,b_focal
1208,91,1.99,a_reference
1209,84,2.51,b_focal
1210,73,2.68,a_reference
1214,72,3.05,a_reference
1217,84,2.32,a_reference
1220,72,2.74,b_focal
1224,67,2.93,a_reference
1227,114,3.72,b_focal
1229,90,2.56,b_focal
1230,115,2.43,a_reference
1232,100,3.3,a_reference
1233,101,3.37,a_reference
1234,109,3.26,a_reference
1235,127,3.62,a_reference
1236,92,1.76,a_reference
1237,93,2.85,a_reference
1238,93,2.33,b_focal
1239,113,3.47,a_reference
1240,85,2.93,a_reference
1247,122,3.46,a_reference
1248,121,3.82,b_focal
1250,115,3.38,a_reference
1252,108,2.86,a_reference
1253,115,3.67,b_focal
1254,145,3.58,b_focal
1258,94,2.75,b_focal
1259,95,2.5,a_reference
1260,73,1.78,a_reference
1262,93,2.18,a_reference
1263,102,2.82,a_reference
1264,91,2.74,a_reference
1277,91,2.63,a_reference
1278,111,3.69,a_reference
1279,102,3.8,a_reference
1281,123,3.73,a_reference
1283,117,3.36,a_reference
1284,78,1.48,a_reference
1286,107,3.5,a_reference
1287,79,2.31,a_reference
1288,116,3.11,a_reference
1293,98,2.45,a_reference
1294,108,2.07,a_reference
1296,112,3.89,b_focal
1299,75,2.57,a_reference
1300,101,3.29,a_reference
1301,90,2.93,a_reference
1307,87,3.16,b_focal
1308,114,3.67,b_focal
1313,97,3.71,b_focal
1314,88,3.44,b_focal
1316,86,3.23,b_focal
1317,92,2.65,b_focal
1318,78,2.2,a_reference
1319,95,2.96,b_focal
1321,93,2.29,a_reference
1322,120,3.76,b_focal
1323,111,3.13,a_reference
1325,85,3.56,b_focal
1326,84,2.68,a_reference
1327,83,2.72,b_focal
1329,78,2.86,b_focal
1331,109,3.47,b_focal
1336,119,3.69,a_reference
1337,124,3.71,b_focal
1338,121,3.72,b_focal
1341,69,3,a_reference
1347,128,3.61,b_focal
1349,88,3.46,a_reference
1351,85,3.04,a_reference
1356,83,3.58,b_focal
1357,77,3.42,b_focal
1358,92,3.41,b_focal
1364,84,3.13,a_reference
1367,115,4,a_reference
1369,133,3.74,b_focal
1374,80,2.99,a_reference
1375,107,3.53,b_focal
1377,85,3.27,a_reference
1379,79,3.3,b_focal
1382,107,2.43,a_reference
1383,89,1.97,a_reference
1384,96,2.78,b_focal
1390,93,3.05,a_reference
1393,83,2.98,b_focal
1399,79,3.09,b_focal
1401,90,2.87,a_reference
1402,124,3.59,a_reference
1406,130,3.64,a_reference
1407,93,3.12,a_reference
1412,115,3.24,b_focal
1414,111,3.11,b_focal
1416,84,3.42,b_focal
1417,93,2.92,a_reference
1418,94,3.06,a_reference
1419,63,2.97,b_focal
1420,101,3.25,b_focal
1421,125,3.58,a_reference
1430,104,3.92,b_focal
1432,88,3.12,b_focal
1435,87,1.93,a_reference
1438,83,3.87,b_focal
1439,83,1.78,a_reference
1443,94,2.39,a_reference
1445,101,3,b_focal
1447,111,3.5,a_reference
1451,87,3.07,b_focal
1455,113,3.78,a_reference
1457,108,3.27,a_reference
1460,119,3.87,a_reference
1461,84,2.69,a_reference
1464,97,3.13,b_focal
1466,91,3.27,b_focal
1469,87,2.5,a_reference
1470,91,2.3,b_focal
1480,79,1.64,b_focal
1483,112,2.34,a_reference
1485,91,2.65,a_reference
1486,111,3.54,a_reference
1489,96,3.06,b_focal
1492,108,2.8,b_focal
1497,145,3.22,b_focal
1500,84,3.02,b_focal
1508,91,2.33,a_reference
1527,78,2.12,b_focal
1531,112,3.19,b_focal
1533,108,3.43,b_focal
1535,80,1,a_reference
1536,92,2.6,a_reference
1537,85,2.98,b_focal
1547,101,3.11,a_reference
1550,113,3.61,b_focal
1552,92,2.74,a_reference
1554,80,3.38,a_reference
1555,55,2.8,a_reference
1556,99,3.33,a_reference
1557,108,3.37,b_focal
1558,57,1,a_reference
1559,79,2.57,a_reference
1560,84,2.84,a_reference
1561,55,3.45,a_reference
1562,88,.91,a_reference
1563,92,2.29,a_reference
1568,83,3.36,b_focal
1569,82,2.69,a_reference
1572,112,3.48,a_reference
1574,105,3.54,b_focal
1575,102,3.02,b_focal
1578,108,3.18,a_reference
1579,90,2.23,a_reference
1585,74,2.1,b_focal
1586,84,1.98,a_reference
1587,107,2.85,b_focal
1588,101,3.3,b_focal
1595,110,1.61,b_focal
1600,79,.7,b_focal
1601,84,1.93,b_focal
1602,83,2.72,b_focal
1612,99,2.29,b_focal
1615,55,3.78,a_reference
1617,100,3.17,a_reference
1622,87,2.56,b_focal
1624,126,2.48,b_focal
1627,87,2.96,a_reference
1628,91,2.73,a_reference
1629,137,2.78,b_focal
1632,106,2.94,a_reference
1640,102,1.87,a_reference
1641,79,1.54,b_focal
1645,101,3.09,a_reference
1646,103,1.69,a_reference
1648,95,1.71,a_reference
1651,97,3.11,b_focal
1653,108,2.31,a_reference
1656,111,3.83,a_reference
1658,55,3.34,b_focal
1659,92,3.1,a_reference
1663,78,2.86,b_focal
1667,98,3.47,a_reference
1669,112,4,b_focal
1671,109,3.45,b_focal
1672,117,3.9,b_focal
1675,109,2.95,a_reference
1677,112,3.76,b_focal
1679,85,3.21,b_focal
1680,113,3.65,b_focal
1688,81,3.79,a_reference
1696,86,2.63,a_reference
1700,98,2.46,a_reference
1701,95,2.39,a_reference
1715,74,2.79,a_reference
1719,86,2.44,b_focal
1720,73,2.92,a_reference
1732,89,2.5,a_reference
1733,96,3.12,b_focal
1736,112,3.29,b_focal
1752,104,3.35,b_focal
1757,94,2.78,a_reference
1758,84,3.37,a_reference
1759,99,2.68,a_reference
1760,82,1.26,b_focal
1762,92,1.6,a_reference
1765,107,2.59,a_reference
1766,99,1.55,a_reference
1767,82,1.45,a_reference
1772,112,3.76,b_focal
1773,96,3.73,b_focal
1774,90,3.09,b_focal
1778,109,2.39,a_reference
1780,98,3.76,b_focal
1781,88,3.48,b_focal
1784,112,3.64,b_focal
1785,89,2.49,b_focal
1789,55,1.76,b_focal
1797,102,2.7,a_reference
1804,121,3.43,b_focal
1807,102,2.66,a_reference
1811,90,3.35,a_reference
1812,99,3.71,b_focal
1814,81,2.6,b_focal
1817,106,3.14,a_reference
1823,91,2.37,a_reference
1824,87,3.55,b_focal
1825,106,3.7,a_reference
1827,96,2.49,a_reference
1828,112,2.21,a_reference
1829,112,3.32,b_focal
1833,82,2.42,b_focal
1834,92,2.37,a_reference
1836,123,3.47,a_reference
1838,100,2.56,a_reference
1841,101,3.19,b_focal
1842,86,1.1,a_reference
1843,78,1.79,a_reference
1844,85,3.65,b_focal
1847,107,2.45,a_reference
1853,105,2.33,a_reference
1857,115,3.48,a_reference
1862,113,3.58,b_focal
1866,89,2.75,b_focal
1869,96,2.67,a_reference
1870,98,2.29,b_focal
1874,117,3.24,b_focal
1875,93,3.7,b_focal
1878,92,2.31,a_reference
1879,89,2.52,a_reference
1880,110,3.27,b_focal
1883,88,3.5,b_focal
1885,105,3.83,a_reference
1886,96,3.18,a_reference
1887,107,3.04,a_reference
1888,110,2.38,a_reference
1889,85,2.93,b_focal
1890,105,2.45,a_reference
1891,89,2.26,a_reference
1892,96,2.33,a_reference
1893,84,3.45,b_focal
1895,81,2.11,a_reference
1896,105,2.69,a_reference
1897,114,3.71,b_focal
1898,109,3.99,b_focal
1899,94,2.15,b_focal
1902,88,2.57,a_reference
1909,101,2.45,b_focal
1913,83,1.27,b_focal
1917,99,2.6,b_focal
1918,113,3.52,a_reference
1920,89,2.27,a_reference
1923,105,3.3,b_focal
1924,112,3.37,b_focal
1928,86,3.07,b_focal
1933,134,3.35,a_reference
1940,90,3.29,b_focal
1947,80,2.68,b_focal
1950,90,3.15,b_focal
1953,75,1.36,b_focal
1957,85,2.81,a_reference
1962,113,3.31,b_focal
1965,110,2.45,a_reference
1975,103,3.18,a_reference
1976,99,2.59,a_reference
1979,92,2.57,a_reference
1982,96,2.39,a_reference
1984,92,3.73,b_focal
1987,85,1.9,b_focal
1993,79,2.47,a_reference
1996,107,3.13,a_reference
1998,112,3.61,b_focal
1999,93,2.53,a_reference
2002,90,2.62,b_focal
2005,88,2.58,a_reference
2006,117,3.42,a_reference
2007,74,1,b_focal
2010,97,2.83,a_reference
2013,90,1.86,a_reference
2015,82,1,b_focal
2018,77,.78,a_reference
2019,67,.78,a_reference
2020,82,1.68,b_focal
2021,81,1,b_focal
2023,96,2.25,b_focal
2024,86,1.66,a_reference
2025,104,3.51,b_focal
2032,85,3.34,a_reference
2038,80,1.83,b_focal
2047,89,2.52,a_reference
2051,108,3.31,a_reference
2055,123,3.13,b_focal
2062,145,2.98,a_reference
2065,91,3.33,a_reference
2068,111,3.29,a_reference
2069,126,3.86,b_focal
2072,126,3.76,a_reference
2074,90,3.57,a_reference
2075,103,3.69,b_focal
2077,115,3.97,b_focal
2078,107,3.59,b_focal
2080,111,3.71,b_focal
2084,98,3.25,b_focal
2094,108,2.83,b_focal
2095,88,2.53,a_reference
2096,108,1.91,a_reference
2099,90,1.14,a_reference
2100,91,2.52,a_reference
2101,85,2.25,b_focal
2104,94,3.26,b_focal
2105,80,2.35,b_focal
2107,101,2.96,b_focal
2108,77,2.37,a_reference
2120,83,2.53,a_reference
2122,81,2.51,a_reference
2125,99,3.15,b_focal
2126,81,3.15,b_focal
2128,67,2.94,a_reference
2129,112,3.81,a_reference
2130,116,3.5,a_reference
2131,84,3.07,a_reference
2132,91,3.03,b_focal
2133,108,3.67,b_focal
2135,86,2.48,b_focal
2136,104,2.52,a_reference
2137,89,2.52,a_reference
2146,121,3.24,b_focal
2151,119,3.41,a_reference
2153,100,2.54,b_focal
2157,89,2.53,b_focal
2158,88,1.92,a_reference
2159,89,2.61,a_reference
2160,97,3.08,b_focal
2165,89,2.21,a_reference
2166,77,2.83,a_reference
2170,80,2.75,b_focal
2171,127,3.42,b_focal
2177,114,3.98,b_focal
2179,84,1.57,b_focal
2180,98,3.22,b_focal
2183,111,3.36,a_reference
2185,85,2.74,a_reference
2187,107,3.32,a_reference
2195,115,3.44,b_focal
2201,95,3.24,b_focal
2212,101,2.3,a_reference
2213,105,3.31,a_reference
2215,105,2.31,a_reference
2220,97,2.58,a_reference
2224,101,2.89,a_reference
2226,112,2.73,a_reference
2231,97,2.62,b_focal
2233,116,2.86,a_reference
2235,96,2.38,a_reference
2237,92,2.68,a_reference
2244,88,2.23,b_focal
2248,104,2.98,b_focal
2250,112,2.33,a_reference
2251,91,2.15,a_reference
2253,106,3.77,a_reference
2264,78,2.44,a_reference
2265,98,2.44,b_focal
2266,106,3.25,a_reference
2271,89,3.08,b_focal
2279,104,2.51,a_reference
2280,117,2.97,b_focal
2285,55,1.33,a_reference
2289,117,2.31,a_reference
2290,105,3.16,a_reference
2291,107,2.23,a_reference
2296,102,2.95,a_reference
2298,100,2.66,b_focal
2299,101,3.29,b_focal
2302,95,2.6,a_reference
2308,108,3.67,a_reference
2309,107,2.82,a_reference
2313,91,1.67,a_reference
2315,87,1.16,a_reference
2316,88,2.02,a_reference
2319,102,2.73,a_reference
2321,101,2.07,b_focal
2322,78,4,b_focal
2324,84,1,b_focal
2325,107,2.88,a_reference
2326,94,2.78,a_reference
2327,98,2.19,a_reference
2328,113,3.84,a_reference
2329,112,3.98,a_reference
2330,118,3.91,a_reference
2332,108,3.69,b_focal
2336,95,2.93,b_focal
2347,119,3.83,b_focal
2348,93,3.05,b_focal
2350,116,3.02,a_reference
2351,99,2.76,b_focal
2356,82,2.46,b_focal
2357,94,1,a_reference
2362,88,1.9,a_reference
2368,111,3.18,b_focal
2371,87,2.84,a_reference
2372,95,2.02,a_reference
2373,102,3.37,a_reference
2374,79,3.1,a_reference
2375,100,2.73,a_reference
2377,117,2.84,a_reference
2379,101,3.05,a_reference
2380,94,3.63,b_focal
2381,100,3.17,a_reference
2382,105,3.27,a_reference
2385,95,2.57,a_reference
2387,107,2.08,a_reference
2388,90,1.93,a_reference
2389,85,2.94,a_reference
2390,83,3.03,b_focal
2391,102,2.78,b_focal
2393,96,3.06,a_reference
2395,111,3.24,a_reference
2399,90,2.84,b_focal
2400,89,2.31,b_focal
2402,87,2.68,a_reference
2408,93,2.59,a_reference
2409,88,2.59,a_reference
2410,89,2.37,a_reference
2417,77,2.36,a_reference
2420,113,2.61,b_focal
2422,118,1.76,a_reference
2424,84,2.31,b_focal
2430,89,2.35,b_focal
2431,116,3.11,a_reference
2433,88,2.35,b_focal
2435,113,3.28,b_focal
2437,97,3.6,b_focal
2439,120,3.09,a_reference
2441,92,1.99,a_reference
2442,89,1.49,a_reference
2443,97,3.55,b_focal
2444,102,1.99,b_focal
2445,83,2.98,b_focal
2446,92,2.3,b_focal
2451,106,2.68,a_reference
2453,97,2.63,a_reference
2454,89,2.43,b_focal
2455,85,2.05,a_reference
2461,113,3.17,a_reference
2465,113,3.33,b_focal
2468,111,2.87,a_reference
2470,111,3.41,a_reference
2472,145,3.92,b_focal
2473,96,2.79,b_focal
2476,116,3.54,b_focal
2477,95,2.76,a_reference
2479,122,3.11,a_reference
2481,107,3.22,a_reference
2483,108,2.61,a_reference
2484,94,2.7,a_reference
2487,101,2.6,a_reference
2490,104,2.25,a_reference
2491,111,2.41,b_focal
2493,116,3.96,b_focal
2494,107,3.5,b_focal
2496,119,3.61,a_reference
2497,110,2.6,a_reference
2504,108,3.4,b_focal
2505,83,2.27,b_focal
2506,93,1.9,a_reference
2507,92,2.21,a_reference
2508,103,2.65,a_reference
2512,73,2.12,b_focal
2515,114,2.98,a_reference
2517,96,2.55,a_reference
2520,82,3.3,a_reference
2521,94,2.98,b_focal
2527,134,3.25,a_reference
2531,111,3.03,b_focal
2533,90,2.65,a_reference
2534,101,2.4,a_reference
2537,107,2.8,a_reference
2544,111,2.87,b_focal
2545,83,2.51,a_reference
2547,75,2.71,b_focal
2548,103,2.85,a_reference
2552,106,2.88,a_reference
2557,102,3.73,b_focal
2559,84,1.59,b_focal
2562,114,2.5,a_reference
2563,99,3.49,a_reference
2564,100,3.53,a_reference
2569,117,2.8,a_reference
2571,94,2.97,b_focal
2572,85,3.3,b_focal
2573,105,3.38,a_reference
2574,87,2.77,a_reference
2575,106,2.41,a_reference
2576,105,2.96,a_reference
2580,109,3.42,b_focal
2581,111,3.39,a_reference
2582,96,3.18,b_focal
2583,101,3.85,b_focal
2584,95,3.44,a_reference
2586,91,2.56,b_focal
2588,82,3.32,b_focal
2590,97,2.73,b_focal
2591,117,2.89,a_reference
2593,111,3.95,a_reference
2594,82,2.65,a_reference
2597,98,2.95,a_reference
2600,107,2.33,b_focal
2602,85,2.82,a_reference
2603,110,3.39,a_reference
2609,106,2.04,a_reference
2610,113,3.47,b_focal
2611,108,2.5,a_reference
2614,127,3.23,a_reference
2618,117,3.88,a_reference
2619,98,3.02,b_focal
2621,89,2.72,b_focal
2624,112,3.88,a_reference
2628,108,3.59,a_reference
2632,74,2.2,b_focal
2640,109,3.57,b_focal
2641,78,3,a_reference
2650,84,3.25,b_focal
2653,77,1.35,b_focal
2658,103,3.29,a_reference
2662,109,3.48,a_reference
2663,108,3.79,b_focal
2665,91,2.87,a_reference
2666,87,2.58,a_reference
2667,110,3.92,b_focal
2670,114,3.7,b_focal
2673,105,2.69,a_reference
2674,106,2.65,b_focal
2675,99,2.51,b_focal
2676,106,2.51,a_reference
2677,100,2.75,a_reference
2680,106,3.22,b_focal
2682,106,2.85,a_reference
2683,90,2.46,a_reference
2684,91,2.12,b_focal
2686,95,3.46,b_focal
2687,95,3.56,b_focal
2688,100,2.71,a_reference
2689,109,3.36,a_reference
2691,83,3.36,b_focal
2696,88,2.87,a_reference
2699,113,3.3,b_focal
2700,110,3.94,a_reference
2706,105,2.69,a_reference
2708,113,2.77,b_focal
2710,131,3.77,a_reference
2711,129,3.97,a_reference
2721,91,2.23,a_reference
2732,115,3.7,a_reference
2738,102,2.84,a_reference
2742,81,2.74,a_reference
2743,95,2.8,a_reference
2746,89,2.8,b_focal
2750,92,3.04,b_focal
2751,99,3.39,b_focal
2752,86,2.07,a_reference
2753,87,3.48,a_reference
2754,103,3.55,b_focal
2755,106,2.94,a_reference
2756,110,3.16,a_reference
2757,128,3.76,b_focal
2759,93,1.38,a_reference
2761,108,2.7,a_reference
2763,89,2.63,b_focal
2764,111,3.28,b_focal
2765,92,3.02,a_reference
2766,93,1.38,a_reference
2768,122,3.78,b_focal
2775,85,2.73,a_reference
2776,96,3.34,a_reference
2778,86,3.78,a_reference
2779,123,3.61,a_reference
2780,103,2.57,b_focal
2785,89,1.95,b_focal
2788,105,3.33,a_reference
2789,101,2.66,a_reference
2791,107,3.68,a_reference
2793,101,3.15,b_focal
2794,112,2.54,a_reference
2796,103,3.51,b_focal
2798,98,1.81,a_reference
2800,89,1.69,a_reference
2801,106,3.65,b_focal
2802,96,3.6,b_focal
2804,112,3.08,b_focal
2806,106,3.53,b_focal
2807,112,2.15,a_reference
2810,90,1.6,a_reference
2813,105,2.6,a_reference
2817,86,3.01,b_focal
2821,90,1,b_focal
2825,66,1.99,a_reference
2826,81,2.43,b_focal
2833,112,2.68,a_reference
2841,113,3.22,b_focal
2844,112,2.73,b_focal
2846,96,2.84,a_reference
2851,101,3.06,a_reference
2853,93,2.44,b_focal
2856,98,1.61,b_focal
2861,55,1.93,b_focal
2862,103,1.83,a_reference
2863,90,1.51,a_reference
2864,92,2.29,b_focal
2865,95,2.08,b_focal
2868,106,1.91,a_reference
2870,101,3.34,b_focal
2872,93,2.64,a_reference
2884,97,2.83,a_reference
2887,84,3.54,b_focal
2888,118,3.71,a_reference
2891,92,2.53,a_reference
2897,91,1.71,a_reference
2900,105,3.48,a_reference
2902,98,3.12,b_focal
2904,82,1.98,a_reference
2906,113,3.62,a_reference
2912,114,2.94,b_focal
2913,106,2.99,b_focal
2917,102,2.75,a_reference
2921,100,2.18,a_reference
2922,55,2.54,b_focal
2923,88,2.68,a_reference
2926,92,2.95,a_reference
2927,77,2.81,b_focal
2933,101,2.8,b_focal
2936,78,1.54,b_focal
2937,108,3.4,b_focal
2939,114,3.55,a_reference
2941,106,3.63,a_reference
2942,110,2.73,b_focal
2943,90,3.01,b_focal
2944,105,3.2,b_focal
2945,110,3.58,a_reference
2946,102,3.28,b_focal
2953,81,2.64,b_focal
2957,106,3.08,a_reference
2959,74,2.02,a_reference
2960,97,2.74,a_reference
2962,90,2.62,b_focal
2965,106,2.82,a_reference
2968,91,2.49,a_reference
2969,96,2.56,a_reference
2970,101,2.49,b_focal
2976,118,3.97,a_reference
2978,103,2.58,a_reference
2979,103,3.45,a_reference
2982,110,3,b_focal
2987,97,3.05,b_focal
2988,109,2.64,a_reference
2989,116,3.19,b_focal
2990,112,3.58,a_reference
2993,117,3.48,a_reference
2995,106,3.95,a_reference
2999,76,3.06,a_reference
3001,100,1.65,a_reference
3004,139,3.94,a_reference
3005,118,3.52,b_focal
3007,90,3.21,b_focal
3008,106,1.9,a_reference
3009,101,3.27,b_focal
3010,120,3.78,b_focal
3011,126,1.86,a_reference
3012,111,3.01,b_focal
3013,91,3.15,b_focal
3015,111,3.35,a_reference
3016,110,3.62,a_reference
3017,92,3.45,b_focal
3018,60,3.23,b_focal
3020,96,3.22,a_reference
3024,102,2.52,a_reference
3025,110,3.49,b_focal
3026,99,2.63,b_focal
3027,110,2.39,a_reference
3028,82,1.84,b_focal
3030,84,2.47,b_focal
3031,97,3.42,b_focal
3034,99,2.65,a_reference
3039,95,1.55,b_focal
3040,104,2.25,b_focal
3043,90,2.46,a_reference
3045,92,2.77,b_focal
3047,111,3.54,b_focal
3049,99,3.37,b_focal
3051,111,3.73,b_focal
3053,92,2.95,a_reference
3054,86,2.18,b_focal
3055,102,2.19,a_reference
3058,94,2.31,a_reference
3062,76,3.2,b_focal
3063,94,2.67,a_reference
3065,78,.42,a_reference
3066,86,2.54,b_focal
3068,89,2.61,a_reference
3072,105,3.11,a_reference
3074,98,3.71,a_reference
3075,89,2,a_reference
3076,117,3.73,a_reference
3077,113,2.79,a_reference
3078,72,2.64,b_focal
3079,88,3.8,b_focal
3080,72,2.43,a_reference
3085,108,3.13,b_focal
3086,91,2.34,b_focal
3087,96,3.15,b_focal
3091,108,3.02,a_reference
3093,122,3.06,b_focal
3095,89,3.03,a_reference
3099,95,3.46,b_focal
3100,79,2.38,b_focal
3109,63,2.07,a_reference
3111,85,2.76,a_reference
3114,71,2.53,a_reference
3121,117,3.3,a_reference
3122,74,2.41,a_reference
3123,88,3.25,b_focal
3125,106,3.64,b_focal
3126,85,2.43,b_focal
3127,90,1.81,a_reference
3130,83,2.16,a_reference
3134,102,3.43,b_focal
3135,107,3.25,a_reference
3136,111,2.65,a_reference
3139,86,1.67,a_reference
3140,118,3.63,b_focal
3141,112,2.91,a_reference
3142,112,3.02,a_reference
3143,102,2.52,a_reference
3144,111,3.65,b_focal
3145,124,3.89,a_reference
3146,111,2.93,a_reference
3147,116,2.28,a_reference
3149,102,3.17,a_reference
3150,89,2.54,a_reference
3151,108,3.07,b_focal
3153,102,2.91,b_focal
3156,111,3.18,a_reference
3162,108,2.78,b_focal
3164,88,3,b_focal
3165,93,2.4,b_focal
3166,98,3.29,b_focal
3167,110,2.81,a_reference
3168,95,2.6,b_focal
3170,96,3.36,b_focal
3171,109,3.83,a_reference
3172,80,2.05,a_reference
3174,113,2.08,a_reference
3177,98,3.29,b_focal
3179,75,3.36,b_focal
3181,113,3.18,a_reference
3182,94,2.66,b_focal
3183,97,3.73,b_focal
3187,105,3.46,a_reference
3190,101,2.89,b_focal
3191,86,2.1,a_reference
3194,111,3.59,a_reference
3195,100,3.15,b_focal
3197,106,3.89,a_reference
3198,113,3.84,a_reference
3199,89,2.67,b_focal
3200,81,2.51,b_focal
3201,91,2.13,a_reference
3202,89,2.4,a_reference
3206,92,2.34,b_focal
3209,55,2.71,a_reference
3210,112,3.97,b_focal
3211,99,3.54,b_focal
3212,106,3.22,a_reference
3213,113,3.49,b_focal
3218,93,2.99,b_focal
3223,109,3,b_focal
3224,98,1.6,a_reference
3228,105,3.26,b_focal
3229,105,3.41,b_focal
3231,93,2,a_reference
3232,93,2.34,b_focal
3236,90,3.59,b_focal
3237,108,3.87,b_focal
3238,92,3.7,b_focal
3239,105,4,b_focal
3240,92,2.18,b_focal
3244,145,3.95,a_reference
3245,100,2.18,a_reference
3247,88,3.17,a_reference
3248,102,3.4,b_focal
3251,109,3.57,b_focal
3252,117,2.04,b_focal
3253,85,2.25,a_reference
3255,82,2.93,b_focal
3259,90,2.45,a_reference
3261,101,2.4,b_focal
3262,99,2.11,a_reference
3266,101,2.47,a_reference
3267,102,2.89,b_focal
3269,76,1.6,a_reference
3270,101,1.69,a_reference
3271,95,1.86,a_reference
3272,93,2.85,b_focal
3275,79,2.5,a_reference
3276,55,3.66,b_focal
3277,101,3.46,b_focal
3279,99,3.93,b_focal
3281,101,3.74,a_reference
3282,87,3.16,b_focal
3284,105,3.84,b_focal
3285,90,2.89,a_reference
3286,86,3.17,a_reference
3288,117,4,b_focal
3289,79,2,a_reference
3290,78,2.81,a_reference
3297,91,2.48,b_focal
3300,101,3.1,a_reference
3301,81,2.6,a_reference
3303,87,2.51,b_focal
3305,86,2.95,a_reference
3308,106,3.71,b_focal
3309,71,4,a_reference
3311,83,2.79,a_reference
3313,86,2.92,b_focal
3316,116,3.52,b_focal
3317,89,3.05,b_focal
3318,87,3.33,b_focal
3319,68,2.95,b_focal
3321,104,2.8,a_reference
3324,97,3.56,b_focal
3329,94,2.86,b_focal
3331,82,3.08,b_focal
3332,105,2.28,a_reference
3333,90,2.68,a_reference
3336,100,2.77,a_reference
3338,99,3.35,a_reference
3339,89,3.23,b_focal
3340,81,2.22,a_reference
3341,109,2.66,a_reference
3343,83,2.28,a_reference
3344,84,2.02,a_reference
3346,84,2.86,b_focal
3347,126,3.07,a_reference
3349,121,3.85,b_focal
3351,92,3.12,a_reference
3353,85,3.31,b_focal
3356,101,2.78,a_reference
3359,72,2.83,a_reference
3361,96,3.2,b_focal
3364,111,3.98,b_focal
3366,97,3.6,a_reference
3368,97,3.36,b_focal
3375,89,2.74,b_focal
3378,99,3.11,a_reference
3379,102,3.68,a_reference
3380,101,3.2,b_focal
3381,108,3.13,b_focal
3384,77,1.95,a_reference
3385,83,2.8,a_reference
3387,84,2.35,a_reference
3389,131,1.82,a_reference
3390,112,3.11,a_reference
3391,108,3.91,b_focal
3393,108,3.78,b_focal
3398,104,3.57,b_focal
3399,92,2.56,a_reference
3403,85,2.2,b_focal
3406,110,2.67,b_focal
3408,112,3.05,b_focal
3409,108,2.6,a_reference
3410,113,2.98,b_focal
3415,111,3.53,b_focal
3418,107,2.8,a_reference
3419,101,3.1,a_reference
3420,77,1.93,b_focal
3421,83,2,a_reference
3422,111,3.78,b_focal
3428,75,1.76,b_focal
3429,91,3.16,b_focal
3431,100,3.66,b_focal
3432,109,3.05,b_focal
3433,87,2.19,a_reference
3437,95,3.01,b_focal
3440,55,3.26,a_reference
3455,80,3.09,b_focal
3456,124,3.64,a_reference
3457,129,3.95,a_reference
3458,129,4.04,a_reference
3459,94,2.33,a_reference
3461,111,2.96,b_focal
3462,101,3.23,b_focal
3463,81,3.12,b_focal
3464,85,3.27,a_reference
3468,113,3.91,a_reference
3471,115,3.29,a_reference
3472,112,3.54,a_reference
3473,89,2.38,a_reference
3475,108,3.76,b_focal
3476,89,3.01,a_reference
3482,96,3.04,a_reference
3484,106,3.56,b_focal
3485,100,3.02,a_reference
3487,97,3.47,a_reference
3489,101,2.78,b_focal
3491,126,2.92,a_reference
3493,96,2.32,a_reference
3496,99,2.08,a_reference
3498,104,3.16,b_focal
3504,102,2.84,b_focal
3514,125,2.04,a_reference
3515,110,2.83,a_reference
3517,88,2.13,b_focal
3521,91,2.7,b_focal
3522,94,2.66,b_focal
3523,110,2.93,a_reference
3525,89,2.34,a_reference
3527,105,3.76,b_focal
3530,89,2.98,a_reference
3532,81,1.88,b_focal
3536,111,3.51,b_focal
3537,111,3.75,b_focal
3538,113,3.18,a_reference
3541,94,2.08,b_focal
3543,87,1.86,a_reference
3544,112,3.48,a_reference
3546,86,1.83,a_reference
3547,87,2.05,a_reference
3551,83,2.17,a_reference
3552,93,2.64,b_focal
3553,99,3.21,b_focal
3556,114,3.21,a_reference
3557,104,2.67,a_reference
3558,119,3.31,a_reference
3560,113,2.06,a_reference
3561,103,3.71,b_focal
3563,97,3.58,a_reference
3565,84,1.59,a_reference
3569,87,2.2,a_reference
3572,83,2.81,a_reference
3573,106,1.3,a_reference
3574,103,2.44,a_reference
3576,83,3.24,b_focal
3578,116,3.62,b_focal
3579,90,2.8,b_focal
3581,101,2.97,b_focal
3582,95,3.14,a_reference
3583,82,2.64,b_focal
3585,94,2.14,b_focal
3586,90,3.06,b_focal
3588,90,3.11,b_focal
3591,89,2.95,a_reference
3594,99,2.53,b_focal
3599,102,3.3,a_reference
3601,102,4,b_focal
3603,85,2.87,a_reference
3606,105,2.76,a_reference
3609,98,1.9,a_reference
3611,88,2.92,b_focal
3612,99,2.82,b_focal
3613,87,2.29,b_focal
3614,120,3.35,b_focal
3615,110,3.12,b_focal
3616,94,1.9,a_reference
3619,101,2.21,b_focal
3620,91,2.56,a_reference
3622,79,1,a_reference
3623,95,1.58,a_reference
3625,125,2.79,a_reference
3628,110,3.05,b_focal
3637,92,3.38,b_focal
3639,87,1.55,b_focal
3640,108,2.45,a_reference
3643,99,3.43,a_reference
3644,113,3.1,b_focal
3646,95,3.25,a_reference
3647,104,3.23,a_reference
3649,82,2.67,a_reference
3654,74,1.62,a_reference
3655,83,3.14,b_focal
3660,109,3.56,a_reference
3664,86,3.17,a_reference
3680,108,3.65,a_reference
3686,107,2.99,a_reference
3687,95,1.7,a_reference
3688,71,1.6,b_focal
3689,137,2.87,b_focal
3690,72,2.97,a_reference
3702,82,2.63,a_reference
3703,91,2.58,b_focal
3712,89,2.58,b_focal
3713,104,2.63,b_focal
3714,93,3.2,a_reference
3715,92,.68,a_reference
3719,85,1.72,a_reference
3722,92,2.25,b_focal
3723,102,2.37,a_reference
3725,120,3.5,a_reference
3728,111,2.78,a_reference
3729,93,1,b_focal
3730,101,1.6,b_focal
3734,96,1.92,a_reference
3737,90,1.91,a_reference
3738,103,2.78,a_reference
3740,100,2.61,b_focal
3741,96,1,b_focal
3745,93,3.02,b_focal
3746,99,2.71,a_reference
3747,82,2.3,b_focal
3749,93,2.08,a_reference
3751,98,2.21,b_focal
3752,108,3.71,b_focal
3754,102,3.43,b_focal
3756,83,1.84,b_focal
3758,86,2.49,b_focal
3759,92,2.31,a_reference
3761,99,2.49,b_focal
3764,86,2.54,b_focal
3765,97,1.84,b_focal
3766,104,2.71,b_focal
3770,125,3.35,a_reference
3772,104,2.79,a_reference
3773,99,3.11,a_reference
3774,111,2.12,b_focal
3775,88,2.02,b_focal
3776,67,2.17,b_focal
3783,86,2.68,a_reference
3789,107,3.18,b_focal
3790,86,2.81,a_reference
3792,85,2.82,a_reference
3794,68,3.16,a_reference
3797,78,1,a_reference
3799,100,2.03,b_focal
3800,90,2.88,a_reference
3802,87,2.31,a_reference
3807,94,3.06,b_focal
3810,84,2.8,b_focal
3816,111,3.65,a_reference
3817,116,3.72,a_reference
3818,97,2.8,b_focal
3820,85,2.17,b_focal
3821,96,3.11,b_focal
3822,100,3.96,b_focal
3825,111,2.19,b_focal
3826,95,1,a_reference
3827,90,2.13,a_reference
3837,101,2.7,b_focal
3842,90,1.71,b_focal
3843,99,3,b_focal
3845,85,1.64,a_reference
3847,88,3.12,b_focal
3849,92,2.56,a_reference
3850,115,4,a_reference
3852,124,3.25,a_reference
3854,55,3.61,a_reference
3856,84,3.09,b_focal
3859,81,1.72,a_reference
3860,107,2.95,a_reference
3861,81,2.75,b_focal
3862,73,3.18,b_focal
3867,80,3.24,b_focal
3870,90,3.2,b_focal
3871,92,2.25,a_reference
3872,70,2.54,a_reference
3874,107,3.71,b_focal
3878,123,2.52,a_reference
3879,85,2.8,b_focal
3880,90,2.21,a_reference
3881,110,3.1,a_reference
3884,85,3.48,a_reference
3885,86,2.91,b_focal
3893,68,2.88,a_reference
3895,117,3.6,a_reference
3896,121,3.79,a_reference
3904,101,2.48,a_reference
3910,108,2.55,a_reference
3911,106,3.53,b_focal
3913,89,3.06,b_focal
3920,86,3.34,b_focal
3922,95,3.67,b_focal
3923,89,2.8,a_reference
3927,70,2.96,b_focal
3934,99,3.25,b_focal
3935,69,3.44,b_focal
3936,101,2.91,a_reference
3937,104,3.74,b_focal
3939,107,3.94,b_focal
3940,103,2.11,b_focal
3944,122,3.85,a_reference
3946,76,2.7,a_reference
3947,92,2.53,a_reference
3951,90,2.21,a_reference
3958,100,2.27,a_reference
3959,95,2.48,a_reference
3960,110,3.26,a_reference
3963,115,3.12,b_focal
3966,102,3.35,b_focal
3967,107,3.4,a_reference
3969,84,3.38,a_reference
3973,74,2.83,b_focal
3974,87,2.96,a_reference
3981,90,1.88,a_reference
3983,85,2.75,b_focal
3984,74,2.77,b_focal
3986,96,2.34,a_reference
3993,91,2.9,a_reference
3994,100,2.69,a_reference
3998,112,3.39,a_reference
3999,101,3.38,b_focal
4004,104,3.63,a_reference
4006,93,2.71,a_reference
4008,116,3.43,a_reference
4013,105,3.15,a_reference
4016,103,3.56,a_reference
4017,111,3.63,b_focal
4019,100,3.13,b_focal
4023,104,3.85,b_focal
4024,90,3.73,b_focal
4025,98,3.37,a_reference
4027,94,3.38,b_focal
4028,99,2.51,b_focal
4029,91,3.05,a_reference
4030,101,3,a_reference
4035,89,1.57,b_focal
4036,86,2.62,b_focal
4037,106,3.32,a_reference
4038,99,2.91,a_reference
4039,103,3.21,b_focal
4040,123,3.78,b_focal
4041,115,4.01,a_reference
4045,104,2.97,a_reference
4047,94,2.64,b_focal
4051,100,2.8,a_reference
4055,83,2.68,b_focal
4057,108,2.92,a_reference
4058,128,3.52,b_focal
4060,94,3.57,b_focal
4061,101,2.22,b_focal
4064,117,3.72,a_reference
4067,102,2.8,b_focal
4068,66,2.44,a_reference
4069,78,2.23,b_focal
4071,92,2.65,b_focal
4073,105,2.4,a_reference
4074,95,2.88,b_focal
4075,104,2.62,b_focal
4076,101,3.4,b_focal
4077,87,2.95,a_reference
4079,104,2.95,a_reference
4081,110,3.22,b_focal
4083,89,3.46,b_focal
4088,89,3.14,b_focal
4090,86,2.47,b_focal
4091,78,2.49,b_focal
4092,99,2.82,b_focal
4097,104,3.07,a_reference
4100,101,3.82,a_reference
4101,115,3.6,a_reference
4102,87,3.53,b_focal
4104,78,3.05,b_focal
4109,102,3.5,a_reference
4111,103,3.35,b_focal
4113,112,4,a_reference
4114,99,3.98,b_focal
4116,81,3.21,b_focal
4117,77,2.77,b_focal
4122,82,2.57,b_focal
4124,125,3.7,b_focal
4126,104,2.88,a_reference
4127,89,2.93,b_focal
4128,104,3.25,a_reference
4130,91,3.07,b_focal
4132,110,3.7,b_focal
4133,106,3.48,a_reference
4134,93,3.36,a_reference
4135,86,3.22,b_focal
4137,106,3.48,b_focal
4140,94,2.96,b_focal
4142,116,2.17,a_reference
4147,134,3.86,b_focal
4148,80,2.56,b_focal
4149,99,3.19,a_reference
4152,90,2.84,a_reference
4156,90,3.09,a_reference
4158,126,3.92,a_reference
4161,91,3.22,a_reference
4162,93,2.84,a_reference
4166,90,3.1,a_reference
4167,82,2.84,b_focal
4168,99,3.05,a_reference
4171,83,3.21,a_reference
4172,87,2.55,a_reference
4174,89,3.07,b_focal
4175,77,2.97,b_focal
4177,92,3.43,b_focal
4183,99,3.45,b_focal
4188,105,2.82,a_reference
4189,89,3.05,a_reference
4191,113,3.44,b_focal
4193,102,3.1,a_reference
4195,74,2.44,b_focal
4196,90,3.04,a_reference
4197,86,3.2,b_focal
4198,115,3.75,a_reference
4199,112,3.17,a_reference
4200,88,2.93,b_focal
4201,83,2.85,b_focal
4202,103,2.89,a_reference
4204,102,3.55,a_reference
4205,102,3.32,a_reference
4207,88,3.63,b_focal
4208,115,3.06,a_reference
4213,102,3.5,b_focal
4214,115,3.18,a_reference
4216,88,2.66,b_focal
4217,97,3.47,a_reference
4222,91,2.93,a_reference
4223,91,3.17,b_focal
4229,55,2.96,b_focal
4233,145,2.63,a_reference
4239,125,3.74,a_reference
4240,99,2.86,a_reference
4241,86,2.92,b_focal
4242,78,2.55,b_focal
4250,82,2.08,b_focal
4251,75,1.23,a_reference
4252,90,2.6,a_reference
4253,75,2.33,b_focal
4254,113,2.73,b_focal
4256,111,4,a_reference
4259,86,3.15,a_reference
4261,87,3.31,a_reference
4264,98,3.72,b_focal
4266,89,3.43,a_reference
4268,87,2.89,a_reference
4269,101,2.81,a_reference
4271,86,3.04,b_focal
4275,97,3.05,a_reference
4281,104,3.65,b_focal
4282,102,3.12,b_focal
4284,77,2.97,a_reference
4285,82,2.9,a_reference
4287,110,3.47,b_focal
4288,108,3.16,a_reference
4295,111,3.14,a_reference
4296,119,3.64,a_reference
4298,113,3.49,b_focal
4299,111,3.34,a_reference
4304,92,3.71,b_focal
4305,106,3.8,a_reference
4308,84,3.29,b_focal
4309,88,2.86,b_focal
4310,90,3.21,a_reference
4312,107,3.37,a_reference
4313,91,3.32,a_reference
4314,86,3.16,b_focal
4318,75,2.9,b_focal
4319,90,3.15,b_focal
4320,88,2.87,a_reference
4324,105,3.37,b_focal
4325,99,3.19,b_focal
4328,93,3.33,a_reference
4334,89,3.02,a_reference
4336,111,3.04,b_focal
4337,93,3,a_reference
4338,114,3.37,b_focal
4340,108,3.81,b_focal
4341,97,3.01,a_reference
4342,75,2.8,a_reference
4343,90,3.02,b_focal
4349,107,2.84,a_reference
4350,93,2.49,b_focal
4358,88,2.49,b_focal
4359,101,2.5,a_reference
4363,90,3.49,a_reference
4364,99,3.25,a_reference
4365,113,4,b_focal
4367,95,3.44,b_focal
4369,112,2.58,b_focal
4373,92,2.26,b_focal
4375,113,3.18,b_focal
4376,108,3.23,b_focal
4377,120,2.93,b_focal
4387,91,2.41,a_reference
4394,55,3.79,b_focal
4395,94,2.64,b_focal
4396,92,2.8,a_reference
4403,84,1,a_reference
4407,112,3.4,a_reference
4413,106,3.33,a_reference
4414,102,2.02,b_focal
4421,85,2.92,a_reference
4423,110,3.19,b_focal
4429,92,3.45,b_focal
4431,111,3.14,b_focal
4432,85,3.25,a_reference
4434,107,2.74,b_focal
4435,96,2.74,b_focal
4441,111,3.48,a_reference
4442,92,3.07,b_focal
4450,117,3.33,a_reference
4453,101,2.92,a_reference
4455,115,3.37,a_reference
4457,110,3.46,a_reference
4458,112,2.17,a_reference
4461,88,3.48,b_focal
4462,81,2.02,b_focal
4467,105,3.17,b_focal
4476,88,3.8,b_focal
4480,92,3.02,b_focal
4481,115,3.88,a_reference
4483,88,2.52,a_reference
4484,97,2.56,a_reference
4486,89,2.8,a_reference
4488,81,2.07,b_focal
4490,88,2.31,b_focal
4491,92,1.61,a_reference
4494,91,2.22,a_reference
4495,95,1.86,b_focal
4498,104,2.1,a_reference
4499,91,.56,b_focal
4500,85,2.19,a_reference
4501,80,3.48,b_focal
4502,86,2.69,a_reference
4505,104,2.5,a_reference
4509,79,2.09,a_reference
4512,99,3.31,b_focal
4513,95,2.01,a_reference
4514,111,3.42,a_reference
4516,142,3.59,a_reference
4520,91,3.28,a_reference
4524,115,3.13,b_focal
4531,96,2.59,b_focal
4534,117,3.68,b_focal
4535,100,3.39,a_reference
4536,112,3.09,b_focal
4537,121,3.33,a_reference
4539,93,2.66,b_focal
4540,110,2.87,a_reference
4543,100,2.47,a_reference
4544,88,2.08,a_reference
4548,103,2.73,b_focal
4549,86,2.69,b_focal
4550,104,3.27,b_focal
4557,92,2.87,b_focal
4558,85,1.17,b_focal
4559,97,2.29,b_focal
4560,107,2.44,b_focal
4564,107,2.99,a_reference
4568,100,3.77,b_focal
4571,86,2.23,a_reference
4573,95,1.83,a_reference
4576,92,2.39,a_reference
4577,108,3.59,a_reference
4581,107,3.05,b_focal
4582,96,3.02,a_reference
4583,107,3.59,b_focal
4586,97,1.66,a_reference
4587,111,1.69,a_reference
4590,69,3.23,b_focal
4591,102,2.13,a_reference
4592,102,2.23,a_reference
4593,89,1.48,b_focal
4594,81,1.35,b_focal
4598,94,3.11,b_focal
4599,118,2.66,b_focal
4606,82,2.4,a_reference
4607,97,2.34,b_focal
4608,111,2.84,b_focal
4609,110,2.47,a_reference
4610,114,3.19,b_focal
4611,98,2.62,b_focal
4612,106,3.87,b_focal
4615,97,2.64,a_reference
4618,89,2.3,b_focal
4619,77,2.88,b_focal
4622,100,2.76,a_reference
4627,64,1.04,a_reference
4630,92,3.39,b_focal
4631,103,3.03,a_reference
4634,107,3.64,b_focal
4635,94,2.61,b_focal
4636,112,2.31,a_reference
4638,97,2.86,a_reference
4642,94,3.14,a_reference
4644,104,3.39,a_reference
4645,114,3.29,a_reference
4646,117,3.75,a_reference
4647,111,3.42,b_focal
4648,112,2.58,b_focal
4653,82,2.43,a_reference
4662,122,3.79,b_focal
4667,85,2.04,b_focal
4668,86,2.38,a_reference
4669,86,2.25,a_reference
4670,84,2.6,b_focal
4671,91,3.45,b_focal
4677,100,1.78,b_focal
4679,105,3.15,a_reference
4680,88,2.98,a_reference
4681,83,2.74,a_reference
4686,107,1.74,b_focal
4687,112,3.37,b_focal
4689,90,3.31,b_focal
4694,111,3.82,b_focal
4697,90,3.63,b_focal
4701,78,2.73,a_reference
4702,113,3.21,a_reference
4703,87,2.2,a_reference
4704,91,1.61,b_focal
4707,97,2.74,b_focal
4708,92,3.09,b_focal
4709,102,2.2,a_reference
4712,83,2.35,a_reference
4715,73,3.37,b_focal
4716,87,3,b_focal
4720,92,2.56,b_focal
4722,96,3.05,b_focal
4723,88,3.19,b_focal
4728,86,3.21,b_focal
4729,84,2.95,b_focal
4732,109,4.05,b_focal
4734,70,2.92,a_reference
4736,97,3.17,a_reference
4737,90,2.66,a_reference
4739,109,3.2,b_focal
4741,85,3.02,b_focal
4743,88,2.5,a_reference
4744,88,2.86,a_reference
4745,95,1.92,a_reference
4746,104,3.62,a_reference
4748,97,3.12,b_focal
4750,103,2.78,a_reference
4754,96,2.73,b_focal
4761,123,3.07,b_focal
4762,106,2.37,a_reference
4763,120,2.9,a_reference
4768,97,2.5,b_focal
4784,79,2.55,b_focal
4786,87,2.89,b_focal
4787,113,3.21,a_reference
4789,102,2.82,b_focal
4790,112,2.44,a_reference
4798,106,3.53,a_reference
4800,97,1.74,a_reference
4801,129,2.96,b_focal
4802,135,3.12,b_focal
4803,104,1.98,a_reference
4805,87,2.12,a_reference
4806,89,2.2,b_focal
4807,89,3.19,b_focal
4813,97,2.33,a_reference
4814,110,3.72,a_reference
4818,109,3.15,a_reference
4820,119,2.36,a_reference
4821,104,3.16,b_focal
4822,105,3.14,b_focal
4825,86,3.07,b_focal
4829,89,2.45,b_focal
4830,122,3.62,a_reference
4835,92,2.74,a_reference
4838,98,2.69,b_focal
4840,86,2.14,a_reference
4841,91,3.22,b_focal
4842,105,3.12,b_focal
4845,97,1.21,a_reference
4848,114,2.72,a_reference
4849,111,1.74,a_reference
4850,95,2.79,b_focal
4851,108,2.65,a_reference
4853,110,3.08,a_reference
4854,96,1.87,b_focal
4855,83,2.86,b_focal
4857,74,2.46,b_focal
4858,111,3.52,b_focal
4861,96,2.06,a_reference
4864,120,1.91,a_reference
4865,86,2.48,b_focal
4866,118,3.83,a_reference
4869,100,2.96,a_reference
4871,112,3.24,b_focal
4872,91,2.65,a_reference
4874,85,2.92,a_reference
4875,108,3.52,b_focal
4876,89,3.69,b_focal
4877,87,2.77,b_focal
4878,111,3.53,b_focal
4882,87,3.4,b_focal
4883,101,2.22,a_reference
4885,103,2.96,b_focal
4887,108,2.85,a_reference
4889,123,3.27,a_reference
4890,101,2.81,a_reference
4891,110,3.31,a_reference
4896,88,1.71,a_reference
4897,103,3.23,a_reference
4902,87,2.67,a_reference
4903,112,3.13,b_focal
4905,88,3.2,b_focal
4911,88,2.87,a_reference
4912,98,2.65,a_reference
4913,111,3.83,a_reference
4914,84,2.17,a_reference
4916,103,3.15,a_reference
4917,110,2.39,b_focal
4921,106,3.08,a_reference
4931,88,2.94,a_reference
4933,95,2.05,b_focal
4934,113,1.95,a_reference
4935,110,3.79,b_focal
4939,110,2.82,a_reference
4940,95,2.36,a_reference
4941,105,3.7,b_focal
4944,94,1.75,b_focal
4949,86,1.88,b_focal
4954,88,2.22,a_reference
4956,101,2.99,b_focal
4958,93,2.41,b_focal
4959,99,2.45,b_focal
4962,103,2.66,b_focal
4965,84,2.78,a_reference
4967,90,2.84,b_focal
4968,82,2.44,b_focal
4969,87,2.2,b_focal
4978,55,3.01,b_focal
4984,92,2.06,a_reference
4986,120,2.49,a_reference
4987,116,2.72,a_reference
4990,93,3.39,b_focal
4991,90,3.34,b_focal
4992,107,3.02,a_reference
4993,91,2.05,b_focal
4994,101,3.1,b_focal
4997,77,2.71,a_reference
4998,75,2.83,b_focal
5000,63,2.41,a_reference
5001,76,2.23,b_focal
5006,97,3.03,a_reference
5007,89,3.51,b_focal
5012,119,1.21,a_reference
5015,93,2.98,b_focal
5016,92,3.01,b_focal
5017,113,3.34,b_focal
5018,114,3.01,b_focal
5020,110,2.51,a_reference
5021,100,3.58,b_focal
5022,66,3.23,b_focal
5023,81,2.14,a_reference
5024,96,3.2,b_focal
5025,91,2.35,b_focal
5026,101,2.94,a_reference
5029,96,2.31,a_reference
5030,111,2.91,a_reference
5033,86,2.9,a_reference
5039,97,1.25,b_focal
5041,86,2.38,a_reference
5043,113,3.59,b_focal
5046,83,2.8,b_focal
5049,94,2.11,b_focal
5050,110,1.98,a_reference
5052,100,2.31,a_reference
5055,85,1.32,a_reference
5058,140,2.69,a_reference
5060,104,2.69,b_focal
5063,125,2.9,a_reference
5064,69,2.29,a_reference
5067,99,2.46,a_reference
5068,93,2.94,b_focal
5069,100,2.86,b_focal
5070,93,1.79,a_reference
5071,89,1.7,a_reference
5072,92,1.68,b_focal
5075,144,3.95,b_focal
5076,91,1.55,a_reference
5077,102,2.5,a_reference
5078,97,3.41,b_focal
5084,119,3.23,a_reference
5085,104,2.63,b_focal
5086,109,3.41,b_focal
5088,108,3.57,a_reference
5089,86,2.8,b_focal
5090,104,3.11,a_reference
5091,111,3.54,b_focal
5093,75,2.14,a_reference
5095,91,3.42,b_focal
5096,102,3.27,b_focal
5104,93,2.42,b_focal
5108,103,3.3,a_reference
5115,95,3.18,b_focal
5118,106,3.13,b_focal
5124,120,2.89,a_reference
5125,109,3.23,b_focal
5126,104,1.84,b_focal
5128,90,2.95,b_focal
5129,91,2.47,b_focal
5131,115,3.84,b_focal
5133,96,3.37,a_reference
5135,97,2.64,a_reference
5136,92,2.99,a_reference
5138,87,3.41,b_focal
5139,111,1.91,a_reference
5140,91,2.65,b_focal
5142,108,3.51,a_reference
5144,100,3.37,a_reference
5145,76,3.2,a_reference
5147,117,3.58,a_reference
5150,93,3.48,a_reference
5151,80,3.61,b_focal
5153,97,1.74,a_reference
5154,143,3.01,b_focal
5155,104,2.31,a_reference
5156,97,1.96,a_reference
5158,91,3.04,b_focal
5161,88,2.27,a_reference
5163,108,3.31,b_focal
5165,122,3.82,a_reference
5171,89,3.4,b_focal
5173,91,3.18,b_focal
5174,113,3.65,a_reference
5179,98,3.13,b_focal
5181,88,2.9,a_reference
5184,125,3.21,a_reference
5185,93,2.46,b_focal
5187,116,3.61,b_focal
5188,141,3.24,a_reference
5192,126,3.92,b_focal
5193,124,3.77,b_focal
5195,125,3.87,b_focal
5197,124,3.84,a_reference
5198,145,3.66,b_focal
5204,97,3.11,b_focal
5206,123,3.43,b_focal
5208,86,3.23,b_focal
5211,93,1.42,a_reference
5213,95,2.45,a_reference
5214,94,2.38,a_reference
5217,88,2.75,b_focal
5218,91,2.19,a_reference
5220,145,3.74,a_reference
5221,122,3.17,b_focal
5225,111,2.64,b_focal
5228,123,2.4,b_focal
5230,103,2.17,b_focal
5233,78,1.64,b_focal
5234,111,2.9,a_reference
5239,115,3.78,b_focal
5243,78,2.04,b_focal
5244,88,2.11,a_reference
5245,89,2.19,a_reference
5246,116,2.76,a_reference
5247,123,3.74,b_focal
5248,82,1.69,a_reference
5249,110,3.53,a_reference
5250,82,2.75,a_reference
5251,89,3.14,b_focal
5252,103,2.56,a_reference
5253,79,2.38,b_focal
5254,88,1.8,a_reference
5256,103,3.21,b_focal
5257,92,1.99,b_focal
5260,103,2.16,a_reference
5261,86,2.74,b_focal
5262,113,2.17,a_reference
5267,103,3.96,b_focal
5268,109,3.37,a_reference
5271,85,1.41,a_reference
5278,93,3.04,a_reference
5283,95,2.95,a_reference
5291,94,2.76,b_focal
5295,107,3.32,b_focal
5298,94,2.56,b_focal
5301,99,3.07,a_reference
5302,93,3.46,b_focal
5305,103,2.75,a_reference
5307,107,3.6,b_focal
5312,104,3.01,a_reference
5315,84,2.6,b_focal
5316,92,3.01,a_reference
5318,100,3.15,b_focal
5320,84,2.9,b_focal
5322,94,2.88,a_reference
5323,84,2.12,a_reference
5324,85,3.61,b_focal
5326,97,2.85,b_focal
5328,93,2.23,b_focal
5330,104,3.05,a_reference
5333,115,3.99,b_focal
5336,83,2.2,a_reference
5337,97,2.34,a_reference
5340,89,2.31,b_focal
5341,86,3.14,a_reference
5342,93,2.77,a_reference
5343,96,2.93,b_focal
5344,93,3.98,b_focal
5346,93,3.8,b_focal
5347,115,3.98,a_reference
5348,99,3.64,a_reference
5349,91,2.61,a_reference
5350,90,2.88,a_reference
5351,112,3.74,b_focal
5353,102,2.61,a_reference
5354,117,3.58,a_reference
5356,117,3.55,a_reference
5357,102,2.94,a_reference
5359,90,2.53,b_focal
5360,121,4.04,a_reference
5361,87,3.26,b_focal
5362,118,2.76,a_reference
5364,70,2.74,a_reference
5365,102,2.91,b_focal
5367,96,3.2,b_focal
5368,79,3.11,a_reference
5369,104,3.96,b_focal
5371,92,2.6,a_reference
5373,86,2.61,a_reference
5374,98,1.66,a_reference
5375,99,2.76,a_reference
5377,78,2.19,a_reference
5381,105,3,b_focal
5384,84,2.54,a_reference
5385,92,2.4,a_reference
5392,90,3.31,b_focal
5393,111,3.45,a_reference
5395,79,2.83,a_reference
5397,99,2,b_focal
5398,96,2.96,b_focal
5401,97,3.27,b_focal
5402,92,2.8,b_focal
5404,108,3.64,b_focal
5405,112,3.75,b_focal
5406,90,3.31,a_reference
5407,102,3.6,a_reference
5408,113,3.68,a_reference
5409,105,2.82,a_reference
5410,97,3.67,b_focal
5411,93,2.85,b_focal
5412,97,3.45,b_focal
5413,99,3.67,b_focal
5414,81,2.38,b_focal
5415,105,2.38,a_reference
5416,100,2.91,b_focal
5420,108,2.61,a_reference
5422,103,3.16,b_focal
5423,99,2.42,a_reference
5426,98,2.1,a_reference
5427,87,2.73,a_reference
5428,108,3.07,a_reference
5430,83,2.35,b_focal
5435,62,1.93,a_reference
5437,108,3.23,a_reference
5442,102,3.27,a_reference
5443,101,3.4,a_reference
5445,102,2.54,a_reference
5449,90,2.86,a_reference
5452,84,3.55,b_focal
5460,106,2.63,b_focal
5463,84,2.28,b_focal
5469,87,2.38,b_focal
5470,95,2.98,b_focal
5471,78,1.66,a_reference
5472,87,1.47,b_focal
5474,108,3.79,a_reference
5476,87,3.47,b_focal
5477,97,3.21,b_focal
5478,95,3.77,b_focal
5480,115,3.68,b_focal
5482,113,3.12,b_focal
5483,112,3.36,a_reference
5490,112,3.4,b_focal
5494,85,1.98,a_reference
5495,96,2.77,b_focal
5497,89,2.06,a_reference
5498,97,2.94,b_focal
5499,86,2.18,a_reference
5500,96,3.47,a_reference
5501,74,3.01,b_focal
5503,104,3.84,b_focal
5504,91,3.71,b_focal
5508,93,2.62,b_focal
5510,83,2.96,a_reference
5511,73,2.04,a_reference
5515,89,1.51,a_reference
5516,90,1.86,a_reference
5519,89,2.8,a_reference
5520,106,1.9,a_reference
5521,89,2.45,a_reference
5523,108,3.18,a_reference
5524,105,3.12,a_reference
5525,85,2.49,a_reference
5526,105,3.31,b_focal
5529,96,2.84,a_reference
5530,99,2.83,b_focal
5532,92,1.46,a_reference
5533,104,2.67,a_reference
5534,97,2.24,b_focal
5535,93,1.57,b_focal
5537,97,3.69,a_reference
5538,92,2.29,a_reference
5539,92,2.59,a_reference
5540,108,3.63,b_focal
5542,106,3.5,a_reference
5543,107,3.52,b_focal
5544,106,3.98,b_focal
5545,95,2.95,a_reference
5547,81,2.47,a_reference
5550,90,2.24,a_reference
5551,108,3.58,b_focal
5552,103,2.89,a_reference
5553,94,2.59,a_reference
5554,91,3.06,a_reference
5556,105,3.23,a_reference
5557,86,2.71,a_reference
5561,108,3.01,a_reference
5562,111,2.33,b_focal
5564,91,2.51,b_focal
5565,90,1,b_focal
5566,96,3.15,a_reference
5567,64,2.73,b_focal
5568,85,2.5,a_reference
5569,88,2.41,a_reference
5571,120,3.48,b_focal
5574,77,2.52,a_reference
5575,85,3.04,b_focal
5576,87,3.83,b_focal
5577,70,2.81,a_reference
5580,108,3.52,b_focal
5589,99,2.91,b_focal
5591,97,2.2,a_reference
5592,81,2.48,a_reference
5593,80,1.77,a_reference
5596,74,2.09,a_reference
5597,78,3.66,b_focal
5599,62,2.73,a_reference
5600,90,1.94,a_reference
5604,77,2.83,a_reference
5605,101,2.57,a_reference
5606,90,3.56,b_focal
5607,99,2.85,a_reference
5612,103,3.24,a_reference
5613,92,2.6,b_focal
5614,86,2.96,a_reference
5616,89,3.06,b_focal
5617,100,2.81,a_reference
5620,85,2.4,b_focal
5622,106,3.15,b_focal
5623,69,2.37,b_focal
5626,92,2.12,a_reference
5627,84,2.8,a_reference
5628,81,2.84,b_focal
5629,94,2.36,a_reference
5630,81,2.77,a_reference
5632,87,2.64,b_focal
5634,72,3.05,b_focal
5639,93,1.86,a_reference
5640,93,2.18,a_reference
5643,106,3.1,a_reference
5646,110,3.45,b_focal
5647,92,3.21,b_focal
5652,104,3.43,a_reference
5654,93,3.6,a_reference
5655,87,2.69,b_focal
5657,101,3.57,a_reference
5659,55,3.2,b_focal
5660,81,1,a_reference
5661,111,3.72,b_focal
5662,90,3.72,b_focal
5663,86,1.69,b_focal
5664,72,2.51,b_focal
5671,92,3.5,a_reference
5673,89,3.25,a_reference
5674,108,3.3,b_focal
5677,85,2.95,b_focal
5678,90,3.23,a_reference
5681,105,3.57,b_focal
5683,108,3.4,b_focal
5684,88,3.89,b_focal
5685,92,2.56,b_focal
5686,90,3.22,b_focal
5688,91,2.91,b_focal
5691,89,3.01,b_focal
5692,76,1.81,a_reference
5693,82,2.35,a_reference
5694,88,2.14,b_focal
5695,103,3.84,b_focal
5697,97,3.5,b_focal
5698,98,2.95,a_reference
5700,90,2.91,b_focal
5702,84,3.45,b_focal
5703,94,2.29,a_reference
5704,97,3.26,a_reference
5706,135,4.07,b_focal
5707,88,2.45,b_focal
5708,90,3.6,b_focal
5709,70,1.13,a_reference
5710,107,3.78,b_focal
5712,102,3.51,b_focal
5714,86,3.29,b_focal
5717,81,1.86,b_focal
5719,101,2.84,b_focal
5723,125,4,a_reference
5726,86,1,a_reference
5727,75,2.95,b_focal
5728,103,3.45,b_focal
5730,102,2.76,a_reference
5731,107,2.39,a_reference
5733,88,3.09,b_focal
5734,83,2.61,a_reference
5735,92,1,b_focal
5736,94,2.92,a_reference
5739,145,3.88,b_focal
5740,145,2.84,b_focal
5741,145,3.23,b_focal
5744,145,3.14,a_reference
5746,145,3.19,a_reference
5751,98,2.43,a_reference
5752,95,2.93,b_focal
5753,76,2.05,b_focal
5754,70,2.91,a_reference
5755,81,2.23,a_reference
5757,55,1.87,b_focal
5759,145,3.03,a_reference
5760,145,2.33,a_reference
5762,114,2.35,b_focal
5764,93,3.38,b_focal
5770,64,2.64,b_focal
5772,94,3.05,b_focal
5773,78,2.48,b_focal
5775,76,3.17,b_focal
5776,92,2.83,a_reference
5777,81,2.15,a_reference
5779,126,3.33,a_reference
5781,62,2,a_reference
5783,106,2.13,b_focal
5784,105,3.58,a_reference
5786,84,2.61,a_reference
5787,92,2.37,b_focal
5788,106,2.51,b_focal
5791,55,3.7,a_reference
5794,105,2.84,a_reference
5796,90,3.51,b_focal
5798,120,3.27,a_reference
5802,90,3.17,a_reference
5803,91,2.53,b_focal
5805,83,2.37,a_reference
5806,82,2.31,a_reference
5809,80,2.2,a_reference
5814,85,2.8,b_focal
5816,81,2.18,a_reference
5819,74,1.53,b_focal
5822,71,1.97,b_focal
5823,89,2,a_reference
5828,84,2.64,a_reference
5831,83,2.31,a_reference
5832,85,3.22,b_focal
5834,98,3.15,b_focal
5839,103,3.76,b_focal
5842,110,3.7,a_reference
5843,89,3.7,b_focal
5844,85,2.47,b_focal
5846,75,2.03,b_focal
5847,74,1.9,a_reference
5850,62,1,a_reference
5851,80,2.59,b_focal
5853,84,2.18,b_focal
5854,102,3.34,b_focal
5855,87,2.72,b_focal
5857,89,3.54,a_reference
5860,108,3.41,b_focal
5863,121,3.49,b_focal
5867,103,2.25,a_reference
5872,80,2.24,a_reference
5877,90,2.89,b_focal
5879,80,2.83,b_focal
5880,115,3.84,b_focal
5882,81,2.01,a_reference
5883,118,3.57,a_reference
5888,106,2.97,b_focal
5889,90,3.02,b_focal
5891,84,2.77,b_focal
5895,96,2.59,b_focal
5896,86,2.45,a_reference
5897,75,2.78,b_focal
5898,101,3.54,b_focal
5899,76,3.08,a_reference
5900,86,3.09,b_focal
5902,82,3,b_focal
5903,80,2.87,a_reference
5904,110,3.36,b_focal
5905,68,2.86,b_focal
5906,110,3.45,a_reference
5907,94,3.14,a_reference
5908,107,3.88,a_reference
5909,109,4.08,b_focal
5911,113,3.34,b_focal
5912,111,2.79,b_focal
5913,89,2.41,a_reference
5914,79,2.05,b_focal
5916,92,2.39,b_focal
5918,87,2.69,a_reference
5919,59,2.58,b_focal
5920,77,1.8,a_reference
5925,93,2.66,b_focal
5927,88,2.1,a_reference
5929,86,2.28,b_focal
5931,108,2.61,a_reference
5933,79,2.74,b_focal
5934,69,1.92,b_focal
5936,83,1.87,a_reference
5937,87,2.17,b_focal
5939,83,3.18,b_focal
5942,83,3.06,b_focal
5943,101,2.34,b_focal
5945,87,2.4,b_focal
5946,94,3.05,b_focal
5947,94,2.34,a_reference
5948,82,2.45,a_reference
5950,106,2.4,a_reference
5953,100,2.24,a_reference
5957,93,3.41,b_focal
5959,91,1.93,a_reference
5961,100,3.34,a_reference
5963,81,2.52,a_reference
5964,89,2.91,a_reference
5965,94,2.85,b_focal
5969,80,2.11,a_reference
5970,94,1.67,a_reference
5973,85,3.45,b_focal
5974,87,3.54,b_focal
5975,100,3.68,b_focal
5976,116,3.83,a_reference
5978,91,3.7,b_focal
5980,86,3.51,b_focal
5981,108,2.38,b_focal
5982,82,2.23,a_reference
5983,83,1.96,a_reference
5984,88,2.14,a_reference
5985,92,2.97,b_focal
5987,89,3.07,b_focal
5989,97,3,a_reference
5990,84,2.92,a_reference
5991,78,3.12,b_focal
5992,77,3.36,b_focal
5994,88,3.11,b_focal
5995,86,2.8,a_reference
5996,57,3.14,b_focal
5997,85,3.04,a_reference
5999,86,3.03,a_reference
6001,100,2.85,a_reference
6002,104,3.64,a_reference
6003,95,3.78,a_reference
6004,94,3.53,a_reference
6014,90,3.3,b_focal
6022,87,2.47,a_reference
6023,90,3.63,a_reference
6025,70,3.05,a_reference
6026,96,1.3,a_reference
6028,85,2.59,b_focal
6030,109,3.51,b_focal
6036,88,2.47,b_focal
6037,100,2.41,a_reference
6038,108,3.14,a_reference
6039,111,3.04,b_focal
6048,99,3.81,b_focal
6049,105,3.81,a_reference
6051,83,2.81,b_focal
6055,94,2.53,b_focal
6056,114,2.65,b_focal
6057,92,2.9,b_focal
6060,95,3.35,a_reference
6070,87,2.95,a_reference
6073,123,3.62,a_reference
6075,97,3.23,a_reference
6080,114,3.09,b_focal
6081,83,3.23,b_focal
6082,95,2.94,a_reference
6083,91,3.1,a_reference
6084,83,2.6,a_reference
6085,55,3.18,a_reference
6086,73,2.87,b_focal
6088,108,3.4,a_reference
6089,98,3.34,a_reference
6095,91,2.89,b_focal
6097,95,2.68,a_reference
6098,84,2.93,a_reference
6099,116,3.66,b_focal
6103,80,3.04,a_reference
6104,83,2.91,a_reference
6107,113,3.82,b_focal
6108,118,3.33,a_reference
6109,107,2.9,b_focal
6110,100,3.39,b_focal
6114,122,3.66,b_focal
6116,92,3.4,a_reference
6118,82,3.41,a_reference
6119,75,3.06,a_reference
6120,97,3.53,a_reference
6121,87,2.7,a_reference
6122,107,3.49,b_focal
6123,81,2.34,a_reference
6124,67,2.13,b_focal
6125,81,2.8,a_reference
6126,103,3.91,b_focal
6127,95,3.14,b_focal
6130,83,1.96,a_reference
6131,83,2.88,a_reference
6133,106,3.57,a_reference
6134,122,3.76,a_reference
6135,104,3.63,b_focal
6137,95,3.62,b_focal
6138,86,3.06,b_focal
6140,94,3.4,b_focal
6142,108,3.37,b_focal
6143,83,3.2,a_reference
6144,79,2.89,b_focal
6148,85,3.13,b_focal
6149,95,3.2,a_reference
6150,100,3.24,b_focal
6155,124,4,b_focal
6158,117,3.5,a_reference
6159,120,3.66,b_focal
6163,85,3.16,a_reference
6164,118,3.32,b_focal
6166,89,3.07,b_focal
6171,129,3.78,b_focal
6176,78,2.78,a_reference
6177,86,3.27,b_focal
6179,95,3.75,b_focal
6181,103,3.45,a_reference
6186,116,1.42,b_focal
6189,99,2.08,b_focal
6192,108,3.08,a_reference
6194,89,2.12,b_focal
6197,81,2.01,b_focal
6198,83,1.94,b_focal
6202,87,3.54,b_focal
6205,99,1.75,a_reference
6208,97,2.61,b_focal
6210,93,3.43,a_reference
6216,78,1.74,a_reference
6218,76,2.08,a_reference
6221,96,3.15,b_focal
6226,99,3.45,b_focal
6230,107,2.16,a_reference
6234,109,3.55,a_reference
6239,105,3.37,b_focal
6241,108,4,b_focal
6242,100,2.73,b_focal
6245,111,2.92,a_reference
6248,103,3.25,a_reference
6249,104,3.77,b_focal
6250,109,2.99,a_reference
6251,114,3.35,a_reference
6252,120,3.27,a_reference
6254,72,2.8,a_reference
6255,90,2.64,b_focal
6257,82,2.77,a_reference
6259,113,3.26,b_focal
6260,105,3.29,b_focal
6261,121,3.39,a_reference
6262,97,3.83,b_focal
6263,127,3.75,a_reference
6264,103,3.81,a_reference
6265,89,2.82,b_focal
6267,79,3.21,a_reference
6269,84,3.2,b_focal
6271,111,3.73,b_focal
6272,107,3.27,a_reference
6274,105,3.49,a_reference
6277,100,3.64,b_focal
6278,104,2.76,b_focal
6279,104,3.35,b_focal
6284,98,3.28,b_focal
6286,99,2.98,a_reference
6287,109,3.25,b_focal
6288,87,1.57,a_reference
6290,90,2.65,b_focal
6291,106,2.87,b_focal
6296,97,3.09,a_reference
6297,84,3.04,a_reference
6298,82,2.66,a_reference
6301,106,2.98,b_focal
6302,97,2.45,a_reference
6303,89,2.51,a_reference
6308,134,3.54,b_focal
6309,107,3.63,a_reference
6310,103,2.94,b_focal
6311,93,2.05,a_reference
6312,87,3.57,b_focal
6314,99,3.12,a_reference
6315,93,2.78,b_focal
6316,111,2.62,a_reference
6318,107,3.34,a_reference
6319,112,2.89,b_focal
6320,85,2.78,a_reference
6321,91,2.69,a_reference
6322,81,3.51,b_focal
6323,86,3.19,b_focal
6325,103,3.34,a_reference
6326,91,2.64,a_reference
6330,111,3.9,b_focal
6331,103,2.54,a_reference
6332,105,3.57,a_reference
6333,115,4,b_focal
6336,118,3.84,b_focal
6338,85,2.31,a_reference
6340,93,3.12,a_reference
6341,111,3.99,b_focal
6343,112,3.42,a_reference
6344,99,2.54,a_reference
6345,87,3,b_focal
6346,102,2.16,b_focal
6347,90,2.96,a_reference
6348,101,1.63,a_reference
6352,107,3.28,a_reference
6358,55,.94,b_focal
6360,89,2.32,b_focal
6361,90,2.49,a_reference
6365,111,4,b_focal
6374,104,3.13,b_focal
6375,111,3.8,b_focal
6377,99,1.98,a_reference
6382,90,1.94,b_focal
6383,104,3.34,a_reference
6384,115,3.56,a_reference
6385,103,3.4,a_reference
6386,86,3.07,b_focal
6387,102,2.75,a_reference
6388,92,2.83,a_reference
6389,99,2.51,a_reference
6391,107,2.26,a_reference
6394,97,3.8,b_focal
6395,100,3.21,b_focal
6396,94,2.36,a_reference
6397,101,2.39,a_reference
6398,85,2.8,a_reference
6401,109,3.31,b_focal
6402,99,2.58,a_reference
6403,107,3.96,a_reference
6405,96,3.09,a_reference
6406,101,2.65,a_reference
6409,106,2.19,a_reference
6411,89,2.68,a_reference
6412,105,2.4,a_reference
6414,91,3.08,b_focal
6416,92,2.21,a_reference
6417,107,2.9,a_reference
6418,118,3.88,b_focal
6419,96,2.97,b_focal
6421,107,3.56,b_focal
6422,85,2.55,b_focal
6426,108,4.11,b_focal
6427,105,3.58,b_focal
6429,115,3.58,b_focal
6430,104,3.03,a_reference
6432,88,1.93,a_reference
6433,107,4.02,a_reference
6435,90,3,a_reference
6437,98,3.47,b_focal
6438,111,3.6,a_reference
6439,109,4.1,a_reference
6440,83,2.66,b_focal
6441,107,2.55,a_reference
6443,103,2.46,a_reference
6445,91,2.55,a_reference
6447,103,2.93,b_focal
6448,108,3.26,b_focal
6452,98,2.34,a_reference
6453,127,3.57,a_reference
6458,102,3.32,b_focal
6461,87,2.65,a_reference
6462,74,2.24,a_reference
6464,77,1.59,a_reference
6466,81,.7,a_reference
6467,86,2.1,b_focal
6469,78,1.28,b_focal
6471,119,3.36,a_reference
6472,91,2.24,a_reference
6473,84,2.52,b_focal
6475,85,1.91,b_focal
6476,100,2.93,a_reference
6477,83,2.45,b_focal
6480,83,2.69,a_reference
6482,80,2.13,b_focal
6486,83,3.2,a_reference
6487,102,2.22,b_focal
6488,111,3.69,a_reference
6489,79,1.34,b_focal
6491,55,2.38,b_focal
6493,94,3.6,b_focal
6495,94,3.17,a_reference
6496,92,2.75,a_reference
6497,84,1.66,a_reference
6498,89,3.69,b_focal
6500,92,2.73,b_focal
6502,101,2.58,a_reference
6504,91,1.86,a_reference
6505,79,.6,a_reference
6506,96,3.83,b_focal
6509,89,2.65,b_focal
6511,105,3.06,b_focal
6514,135,3.9,b_focal
6516,92,2.09,b_focal
6520,102,3.44,b_focal
6522,106,2.3,a_reference
6525,107,2.56,a_reference
6530,98,2.51,a_reference
6532,103,2.58,a_reference
6535,108,2.96,b_focal
6537,87,1.78,a_reference
6539,95,2.42,a_reference
6540,84,3.09,b_focal
6544,90,2.59,b_focal
6548,106,3.47,b_focal
6549,96,3.45,b_focal
6550,93,3.32,b_focal
6554,109,2.28,a_reference
6555,110,2.9,a_reference
6556,101,2.28,a_reference
6557,94,2.47,b_focal
6562,102,3.13,a_reference
6563,113,3.12,a_reference
6564,90,2.93,b_focal
6566,88,2.84,b_focal
6567,82,2.7,b_focal
6568,96,3.32,b_focal
6569,89,2.92,a_reference
6570,79,1.81,a_reference
6576,87,2.8,a_reference
6577,94,3.24,a_reference
6578,104,2.66,a_reference
6579,84,2.53,b_focal
6584,82,3.13,b_focal
6585,92,2.66,a_reference
6601,94,3.73,b_focal
6603,98,3.03,b_focal
6609,97,2.45,a_reference
6610,72,1,a_reference
6615,89,3.38,b_focal
6617,90,2.17,b_focal
6618,77,2.39,b_focal
6623,90,2.88,a_reference
6629,91,1.79,b_focal
6632,86,2.56,b_focal
6633,78,2.7,b_focal
6634,88,2.82,a_reference
6635,93,3.18,b_focal
6636,113,3.59,b_focal
6638,91,3.42,b_focal
6640,111,3.01,a_reference
6642,133,2.52,a_reference
6644,86,2.64,a_reference
6647,93,3.33,a_reference
6648,87,3.75,b_focal
6651,89,2.36,b_focal
6656,76,.5,a_reference
6671,91,2.82,b_focal
6685,96,2.67,a_reference
6686,100,2.38,a_reference
6688,79,.45,b_focal
6689,82,2.59,b_focal
6690,75,2.48,a_reference
6693,78,2.52,a_reference
6696,101,2.75,b_focal
6697,79,2.83,a_reference
6700,81,1.99,b_focal
6706,90,2.28,b_focal
6708,79,2.42,a_reference
6709,80,1.97,a_reference
6713,77,1,b_focal
6715,95,2.06,a_reference
6730,109,2.92,b_focal
6735,69,2.7,b_focal
6741,103,2.76,b_focal
6743,55,2.6,a_reference
6746,93,3.37,b_focal
6749,102,3.5,b_focal
6755,114,3.12,a_reference
6756,55,4,b_focal
6758,105,2.39,a_reference
6768,86,2.74,a_reference
6772,84,2.66,a_reference
6773,96,3.15,a_reference
6775,66,2.82,b_focal
6778,89,2.08,a_reference
6781,55,3.22,b_focal
6782,55,3.34,b_focal
6783,77,1.47,a_reference
6784,87,3,a_reference
6785,82,3.04,b_focal
6786,84,3,b_focal
6787,78,3.08,a_reference
6788,80,1.59,b_focal
6789,83,1.01,a_reference
6790,79,2.35,a_reference
6791,80,1.9,b_focal
6792,75,2.59,a_reference
6795,91,3.29,b_focal
6796,91,2.63,a_reference
6798,81,2.78,a_reference
6804,87,2.73,a_reference
6805,91,2.98,b_focal
6814,63,2.7,a_reference
6830,102,2.74,a_reference
6831,89,3.04,b_focal
6834,86,2.13,b_focal
6835,79,3.08,b_focal
6837,88,2.47,a_reference
6841,113,2.8,a_reference
6842,109,3.03,b_focal
6843,92,2,a_reference
6844,55,3.04,a_reference
6846,78,2.9,a_reference
6847,77,2.84,a_reference
6848,84,3.14,a_reference
6851,78,2.4,b_focal
6852,91,2.72,b_focal
6854,82,2.94,a_reference
6856,97,2.92,a_reference
6859,92,2.93,a_reference
6860,111,3.11,a_reference
6862,114,3.08,a_reference
6865,104,3.13,a_reference
6870,79,2.61,a_reference
6871,94,3.35,a_reference
6876,99,2.11,a_reference
6880,87,1.6,b_focal
6881,86,2.65,b_focal
6887,82,1.93,a_reference
6889,98,3.51,b_focal
6892,78,1.71,a_reference
6897,88,2.79,b_focal
6904,102,3.41,a_reference
6905,91,2.72,b_focal
6911,90,2.77,a_reference
6912,86,2.25,a_reference
6913,96,2.71,b_focal
6915,86,3.03,a_reference
6918,82,2.05,a_reference
6922,83,1.79,a_reference
6923,111,2.74,b_focal
6924,69,2.52,b_focal
6927,86,1.88,a_reference
6928,81,2.63,a_reference
6929,82,1.49,a_reference
6931,91,2.13,b_focal
6934,84,2.11,a_reference
6935,91,1.84,b_focal
6938,92,2.9,b_focal
6941,99,2.17,a_reference
6944,96,2.58,b_focal
6945,96,2.71,b_focal
6952,98,3.78,b_focal
6953,99,2.84,b_focal
6954,81,2.43,a_reference
6956,120,3.57,b_focal
6957,73,2.66,a_reference
6958,81,1,a_reference
6961,76,2.14,a_reference
6964,96,3.63,b_focal
6967,81,3.55,b_focal
6974,98,2.18,a_reference
6981,133,2.13,b_focal
6982,93,2.8,a_reference
6986,94,2.08,b_focal
7007,105,2.02,b_focal
7012,133,2.61,b_focal
7013,124,2.62,b_focal
7026,115,2.5,b_focal
7027,83,1.82,a_reference
7033,84,2.11,a_reference
7035,95,2.38,b_focal
7036,88,2.92,b_focal
7038,88,3.47,b_focal
7044,55,2.07,a_reference
7046,89,1.91,a_reference
7052,111,2.96,a_reference
7056,97,2.97,a_reference
7059,87,2.81,b_focal
7060,91,3.39,b_focal
7073,90,2.31,b_focal
7088,95,3.75,b_focal
7091,91,1.97,b_focal
7092,94,1.62,a_reference
7096,104,1.57,b_focal
7101,95,1.73,a_reference
7103,90,2.57,a_reference
7105,109,2.7,b_focal
7108,114,2.91,a_reference
7111,93,1.94,b_focal
7112,83,2.39,b_focal
7115,78,2.89,a_reference
7116,98,2.08,a_reference
7117,81,2.8,b_focal
7118,98,2.88,b_focal
7119,77,1.9,a_reference
7120,104,2.64,b_focal
7122,94,2.52,b_focal
7123,80,2.5,b_focal
7126,79,2.17,a_reference
7128,82,2.2,a_reference
7132,106,3.62,b_focal
7135,90,2.67,a_reference
7137,83,2.83,b_focal
7140,111,3.22,b_focal
7142,97,2.99,b_focal
7144,102,3.24,b_focal
7145,98,3.27,b_focal
7146,99,2.97,a_reference
7148,125,3.57,b_focal
7153,85,2.48,a_reference
7156,60,1.84,a_reference
7157,85,3.01,a_reference
7159,89,3.01,a_reference
7163,106,3.74,a_reference
7164,89,2.83,b_focal
7165,86,1.93,a_reference
7166,92,3.1,b_focal
7169,85,2.11,b_focal
7171,108,3.08,a_reference
7174,109,3.35,a_reference
7176,76,2.92,b_focal
7177,91,3.73,b_focal
7178,77,3.05,b_focal
7179,83,2.85,a_reference
7181,118,3.15,a_reference
7183,108,3.26,b_focal
7184,90,2.95,a_reference
7202,91,2.56,a_reference
7203,60,3.06,a_reference
7208,82,3.32,b_focal
7212,78,2.12,a_reference
7215,92,3.14,b_focal
7216,98,3,a_reference
7218,55,3.25,b_focal
7220,107,2.86,a_reference
7221,89,2.46,a_reference
7226,85,3.26,b_focal
7227,55,2.83,a_reference
7228,104,3.1,a_reference
7229,93,2.41,a_reference
7235,145,2.89,b_focal
7237,77,3.25,b_focal
7240,79,3.12,b_focal
7241,86,2.85,b_focal
7243,81,2.39,b_focal
7244,92,1.66,b_focal
7246,84,2.41,a_reference
7247,83,2.76,a_reference
7251,89,4,a_reference
7252,91,3.33,a_reference
7253,112,1,a_reference
7255,84,3.09,a_reference
7258,98,3.62,b_focal
7262,86,3.09,b_focal
7263,86,1.81,b_focal
7264,90,2.24,b_focal
7265,98,2.2,a_reference
7266,92,2.2,a_reference
7268,81,1.74,b_focal
7270,94,2.85,b_focal
7271,89,2.15,a_reference
7273,68,2.54,b_focal
7274,86,1.66,a_reference
7276,75,1.89,a_reference
7277,88,1.36,a_reference
7279,93,3.51,b_focal
7281,78,2.52,b_focal
7285,93,2.97,a_reference
7286,93,2.88,b_focal
7289,109,1.94,a_reference
7290,79,2.7,a_reference
7294,86,2.66,b_focal
7296,104,3.28,b_focal
7299,103,2.67,a_reference
7302,82,3.07,b_focal
7304,85,3.24,b_focal
7306,99,3.44,b_focal
7307,81,2.72,a_reference
7312,88,2.12,a_reference
7314,89,2.75,a_reference
7317,84,2.31,b_focal
7321,79,2.19,b_focal
7322,70,3.28,a_reference
7323,87,2.73,a_reference
7329,89,2.29,b_focal
7330,97,3.01,b_focal
7331,79,2.19,a_reference
7335,76,2.19,a_reference
7336,107,2.92,a_reference
7337,94,2.33,a_reference
7338,86,2.02,a_reference
7341,85,3.07,b_focal
7342,76,2.56,a_reference
7345,82,1.6,a_reference
7348,89,2.96,b_focal
7355,84,2.37,a_reference
7356,84,2.22,a_reference
7357,97,2.98,b_focal
7358,82,2.01,a_reference
7361,74,2.13,a_reference
7364,95,2.57,a_reference
7367,96,3.14,b_focal
7369,80,2.76,a_reference
7370,88,2.7,b_focal
7371,85,3.18,b_focal
7372,86,2.7,a_reference
7374,90,2.66,b_focal
7376,76,1.91,a_reference
7378,81,2.31,b_focal
7380,93,2.72,b_focal
7383,89,2.52,a_reference
7386,87,2.11,a_reference
7388,88,3.47,b_focal
7389,91,2.54,a_reference
7390,85,2.69,b_focal
7391,67,2.35,b_focal
7394,100,2.04,a_reference
7395,94,2.92,b_focal
7396,79,2.11,a_reference
7401,86,1.94,b_focal
7403,89,2.76,a_reference
7404,75,2.53,b_focal
7407,76,1.64,b_focal
7408,88,2.86,b_focal
7410,58,1.82,b_focal
7411,67,2.8,b_focal
7412,85,2.74,a_reference
7415,89,2.16,a_reference
7419,78,3.07,b_focal
7421,114,2.65,a_reference
7429,93,2.81,b_focal
7431,106,3.09,a_reference
7432,114,3.6,b_focal
7441,96,1.06,a_reference
7444,91,2.76,b_focal
7446,84,2.55,b_focal
7447,99,3.29,a_reference
7449,66,2.49,a_reference
7452,97,3.73,b_focal
7453,96,1.8,a_reference
7456,87,2.84,b_focal
7458,85,2.42,a_reference
7462,79,2.74,a_reference
7467,86,3.12,b_focal
7468,89,3.43,b_focal
7469,94,2.22,b_focal
7470,93,3.27,b_focal
7471,72,2.99,a_reference
7475,76,2.52,a_reference
7477,91,2.52,b_focal
7479,91,2.86,b_focal
7480,92,2.56,b_focal
7484,78,2.88,a_reference
7488,76,2.54,a_reference
7489,84,3.23,b_focal
7490,85,3.38,a_reference
7491,89,3.65,b_focal
7493,80,3.36,b_focal
7494,55,2.8,b_focal
7497,103,3.65,a_reference
7499,89,2.63,b_focal
7503,87,2.7,a_reference
7504,75,2.58,b_focal
7507,94,2.54,a_reference
7508,73,2.25,b_focal
7509,87,2.94,b_focal
7510,87,2.57,a_reference
7511,121,3,b_focal
7512,91,3.01,b_focal
7513,97,2.56,b_focal
7514,73,2.71,b_focal
7515,85,2.98,a_reference
7516,113,3.11,a_reference
7518,77,3.16,a_reference
7520,111,3.92,b_focal
7521,98,3.23,b_focal
7522,86,2.82,a_reference
7533,83,3.01,b_focal
7534,83,3.46,b_focal
7537,81,3.03,a_reference
7538,108,2.9,a_reference
7539,94,2.82,b_focal
7541,83,3.52,b_focal
7542,92,2.14,a_reference
7544,82,2.24,a_reference
7546,98,2.76,b_focal
7547,86,2.74,a_reference
7550,119,2.83,a_reference
7551,76,2.3,b_focal
7554,88,2.04,a_reference
7558,76,2.51,a_reference
7559,92,3.09,b_focal
7564,105,1.3,a_reference
7567,102,2.94,a_reference
7572,67,1.76,a_reference
7573,55,1.69,a_reference
7574,88,2.98,b_focal
7575,101,3.04,b_focal
7583,79,2.33,a_reference
7591,93,3.49,b_focal
7598,70,2.47,b_focal
7600,96,2.43,a_reference
7601,99,3.72,b_focal
7610,91,1.89,b_focal
7615,96,2.6,a_reference
7631,81,2.46,a_reference
7635,99,2.69,b_focal
7637,104,3.17,b_focal
7639,91,2.95,b_focal
7640,81,2.24,a_reference
7643,92,2.9,a_reference
7645,83,2.69,a_reference
7646,85,2.71,b_focal
7647,90,3.35,b_focal
7648,64,2.68,a_reference
7649,64,2.53,a_reference
7650,86,3.04,b_focal
7651,108,3.24,a_reference
7653,95,2.71,b_focal
7658,88,2.92,a_reference
7664,88,2.23,a_reference
7665,77,2.97,b_focal
7668,81,1.61,b_focal
7670,72,2.66,a_reference
7671,78,3.1,b_focal
7672,96,1.15,a_reference
7673,61,3.07,a_reference
7674,87,1.62,a_reference
7677,71,2.28,a_reference
7682,87,2.54,b_focal
7686,104,3.92,b_focal
7687,86,3.36,b_focal
7688,85,3.14,b_focal
7689,91,3.12,b_focal
7690,93,3.37,b_focal
7693,92,2.42,a_reference
7695,88,2.59,b_focal
7699,89,2.81,a_reference
7703,95,3.36,a_reference
7704,98,1.9,a_reference
7705,102,2.92,b_focal
7727,81,2.29,a_reference
7729,74,2.88,a_reference
7730,73,3.63,b_focal
7731,90,2.76,a_reference
7732,87,2.88,b_focal
7736,81,2.97,b_focal
7740,74,3.13,b_focal
7741,92,3.03,b_focal
7746,86,2.08,a_reference
7747,83,2.8,a_reference
7749,63,2.41,a_reference
7751,90,2.78,a_reference
7752,92,2.47,a_reference
7753,80,3,a_reference
7756,86,3.32,b_focal
7757,86,3.07,a_reference
7764,89,3.22,b_focal
7766,93,3.2,b_focal
7769,76,2.85,b_focal
7771,94,2.9,a_reference
7777,73,2.97,b_focal
7778,93,3.11,a_reference
7779,99,3.11,a_reference
7782,95,3.64,b_focal
7784,90,3.13,a_reference
7787,86,2.81,b_focal
7788,69,2.48,a_reference
7791,79,2.45,a_reference
7792,126,3.4,b_focal
7793,118,3.53,b_focal
7794,88,3.12,b_focal
7796,64,2.8,a_reference
7798,83,3.02,b_focal
7799,89,2.96,a_reference
7801,89,3.18,b_focal
7803,100,3.13,a_reference
7804,81,3.12,b_focal
7805,84,3.16,a_reference
7808,73,3.12,a_reference
7811,59,3.34,b_focal
7812,82,1.9,a_reference
7813,96,2.26,b_focal
7820,78,2.03,a_reference
7821,90,2.05,a_reference
7822,96,1,a_reference
7831,84,2.44,a_reference
7832,100,2.71,a_reference
7835,95,2.44,a_reference
7840,86,2.17,b_focal
7841,55,2.18,b_focal
7844,73,3.5,b_focal
7845,88,2.2,a_reference
7854,110,2.59,a_reference
7856,126,3.74,b_focal
7857,97,2.66,b_focal
7866,91,2.55,a_reference
7867,89,2.59,a_reference
7868,91,2.35,b_focal
7871,95,1.99,b_focal
7872,92,2.1,b_focal
7874,95,2.29,b_focal
7878,90,1,b_focal
7882,81,2.73,a_reference
7896,88,1.89,b_focal
7898,93,1.84,a_reference
7906,109,3.49,b_focal
7907,84,2.37,b_focal
7915,110,2.6,a_reference
7923,85,3.09,b_focal
7925,81,1.45,b_focal
7926,86,2.26,b_focal
7927,94,2.47,b_focal
7932,90,3.26,b_focal
7933,81,3.05,a_reference
7935,95,2.56,a_reference
7937,100,2.2,b_focal
7939,87,2.43,b_focal
7942,103,3.38,b_focal
7944,95,2.98,a_reference
7945,92,2.94,b_focal
7948,86,2.03,a_reference
7951,105,3.58,b_focal
7955,71,2.6,a_reference
7956,89,2.61,a_reference
7962,83,2.71,b_focal
7963,92,1.8,a_reference
7964,87,3.01,b_focal
7969,69,2.06,a_reference
7977,85,2.24,b_focal
7979,88,3.38,b_focal
7980,88,2.98,b_focal
7982,73,1.6,a_reference
7983,77,1.68,a_reference
7985,87,2.76,b_focal
7987,91,2.76,b_focal
7988,92,2.87,a_reference
7989,86,2.57,b_focal
7990,99,2.46,a_reference
7996,85,2.38,b_focal
7997,83,2.77,a_reference
7999,84,1.2,b_focal
8004,76,2.7,a_reference
8005,83,2.88,a_reference
8006,85,3.09,b_focal
8008,96,3.39,b_focal
8009,82,3.14,b_focal
8010,87,2.04,b_focal
8011,85,3.56,b_focal
8012,88,3.2,b_focal
8015,89,3.15,a_reference
8016,75,2.97,a_reference
8019,76,3.63,b_focal
8020,86,1.79,b_focal
8021,87,2,b_focal
8024,79,3.33,b_focal
8025,94,3.24,a_reference
8029,72,2.54,a_reference
8031,86,2.56,a_reference
8034,106,2.35,a_reference
8035,83,2.65,a_reference
8036,55,2.3,a_reference
8038,87,2.66,a_reference
8039,84,2.43,b_focal
8041,91,3.2,a_reference
8047,84,2.98,a_reference
8048,85,3.12,b_focal
8049,82,3.1,a_reference
8051,106,3.29,a_reference
8052,83,2.96,a_reference
8056,91,2.88,b_focal
8059,84,2.71,a_reference
8064,90,1.9,b_focal
8071,100,3.1,a_reference
8072,86,2.58,a_reference
8073,84,2.35,a_reference
8075,87,2.21,b_focal
8076,101,1.69,a_reference
8079,89,2.88,b_focal
8083,104,3.31,b_focal
8085,84,2,b_focal
8086,103,3.36,b_focal
8089,83,2.63,b_focal
8091,75,2.25,b_focal
8096,84,2.73,b_focal
8098,98,2.52,b_focal
8099,72,2.9,a_reference
8100,79,3,a_reference
8104,89,2.93,a_reference
8106,87,2.23,b_focal
8107,113,3.48,b_focal
8109,104,2.6,a_reference
8111,98,3.1,b_focal
8112,97,3.25,b_focal
8115,93,3.43,b_focal
8117,111,2.79,b_focal
8119,116,2.67,b_focal
8127,97,2.37,b_focal
8130,101,1,a_reference
8136,87,2.09,a_reference
8140,101,2.64,b_focal
8142,88,1,a_reference
8146,94,2.5,b_focal
8147,86,2.11,b_focal
8152,88,2.59,a_reference
8153,91,2.13,a_reference
8154,72,.85,a_reference
8157,81,2.01,a_reference
8158,72,2.67,a_reference
8159,91,1,a_reference
8161,96,2.19,a_reference
8162,96,1.71,a_reference
8165,84,3.13,a_reference
8166,81,2.18,a_reference
8167,76,2.87,b_focal
8168,83,3.05,a_reference
8171,79,1.84,a_reference
8172,92,2.04,a_reference
8175,70,1.62,b_focal
8176,84,.85,b_focal
8177,94,1.37,a_reference
8183,86,2.25,b_focal
8185,83,2.88,b_focal
8188,89,1.77,b_focal
8189,86,1.97,b_focal
8192,122,3.31,a_reference
8193,90,2.8,a_reference
8195,93,2.85,b_focal
8198,84,2.52,a_reference
8199,90,.78,a_reference
8200,98,3.07,a_reference
8201,107,3.1,b_focal
8202,92,2.6,b_focal
8205,79,3.74,b_focal
8206,70,3.05,a_reference
8209,73,1.52,a_reference
8210,78,3.06,b_focal
8213,92,3.14,a_reference
8214,144,3.72,a_reference
8215,84,3.23,b_focal
8225,90,2.96,b_focal
8226,103,2.95,b_focal
8229,88,2.19,a_reference
8232,68,2.08,b_focal
8233,89,2.68,b_focal
8237,85,2.78,b_focal
8238,86,2.45,a_reference
8247,82,1.74,a_reference
8248,79,2.61,b_focal
8250,120,2.59,a_reference
8251,55,2.69,b_focal
8253,95,2.57,a_reference
8257,81,2.51,b_focal
8258,105,2.29,b_focal
8259,87,2.82,b_focal
8260,89,3.25,a_reference
8262,70,2.85,a_reference
8265,79,2.8,b_focal
8267,113,2.5,a_reference
8268,141,2.88,a_reference
8271,145,3.25,b_focal
8272,145,2.87,b_focal
8273,124,3.37,b_focal
8275,94,2.33,a_reference
8278,144,2.1,a_reference
8281,145,1,b_focal
8285,145,3.16,a_reference
8288,95,3.05,b_focal
8289,95,2.38,b_focal
8292,145,2.95,b_focal
8294,145,2.9,a_reference
8297,110,2.73,b_focal
8298,90,2.74,a_reference
8299,75,2.94,b_focal
8305,83,.15,a_reference
8306,78,2.57,a_reference
8314,88,2.56,b_focal
8317,93,2.19,a_reference
8320,82,2.49,b_focal
8329,98,3.3,b_focal
8330,83,2.88,a_reference
8334,94,3.61,b_focal
8335,101,3.9,b_focal
8336,108,3.82,b_focal
8337,87,2.93,b_focal
8338,89,2.39,a_reference
8341,91,2.37,b_focal
8349,102,2.17,a_reference
8352,69,1.89,a_reference
8353,83,3.17,a_reference
8354,105,3.48,a_reference
8356,84,3.08,b_focal
8362,86,2.5,b_focal
8363,81,2.72,b_focal
8365,93,2.73,b_focal
8369,79,2.22,b_focal
8372,105,2.88,b_focal
8374,103,3.02,b_focal
8375,100,2.07,a_reference
8377,89,2.52,b_focal
8379,91,2.8,a_reference
8385,82,2.73,b_focal
8386,100,3.54,b_focal
8387,70,2.96,a_reference
8388,77,3.54,a_reference
8391,101,2.62,b_focal
8392,94,1.96,b_focal
8396,113,3.31,b_focal
8397,89,2.72,b_focal
8398,87,2.27,a_reference
8399,91,3.13,a_reference
8401,82,2.67,b_focal
8403,83,3.27,b_focal
8404,88,2.81,a_reference
8406,88,2.48,b_focal
8407,68,3.18,a_reference
8414,81,3.41,b_focal
8416,87,2.32,a_reference
8419,87,2.61,a_reference
8420,100,2.2,a_reference
8421,77,1.52,a_reference
8422,89,2.49,b_focal
8423,89,2.76,a_reference
8425,80,2.9,a_reference
8427,86,2.98,b_focal
8428,86,2.51,a_reference
8431,68,1,b_focal
8432,106,3,a_reference
8433,105,3.13,a_reference
8434,86,1.44,a_reference
8435,86,2.56,b_focal
8437,90,2.8,a_reference
8446,89,3.48,a_reference
8447,87,3.42,a_reference
8450,119,3.93,b_focal
8451,107,3.6,b_focal
8454,79,3.03,a_reference
8456,77,3.2,b_focal
8458,91,3.23,b_focal
8459,90,3.04,b_focal
8460,81,2.98,a_reference
8462,105,3.1,a_reference
8463,68,2.88,a_reference
8464,91,2.8,a_reference
8467,104,3.13,b_focal
8472,84,3.09,b_focal
8482,85,2.87,a_reference
8483,79,3.05,a_reference
8487,83,2.54,a_reference
8488,107,3.02,a_reference
8490,87,3.05,b_focal
8491,84,2.62,b_focal
8497,86,3.45,b_focal
8498,106,3.5,b_focal
8499,101,3.26,b_focal
8501,108,2.77,a_reference
8502,97,2.74,b_focal
8503,80,3.35,a_reference
8504,145,3.34,a_reference
8505,87,3.32,b_focal
8507,93,2.72,a_reference
8508,106,3.34,b_focal
8509,55,2.83,b_focal
8510,79,2.02,b_focal
8512,124,3.59,b_focal
8513,98,3.53,b_focal
8514,91,2.97,a_reference
8515,96,2.99,b_focal
8518,89,3.23,a_reference
8521,108,3.01,a_reference
8524,104,3.77,b_focal
8525,80,3.27,b_focal
8526,79,2.87,b_focal
8527,85,3.15,a_reference
8529,101,2.71,a_reference
8531,87,3.2,b_focal
8536,90,2.69,a_reference
8537,77,2.6,a_reference
8538,88,3,a_reference
8539,92,2.98,a_reference
8541,75,3.2,a_reference
8542,83,2.89,a_reference
8544,126,3.81,a_reference
8547,83,2.78,a_reference
8548,99,2.47,a_reference
8549,91,3.25,b_focal
8550,81,3.3,a_reference
8551,91,3.55,a_reference
8552,82,3.21,b_focal
8553,78,2.9,a_reference
8554,95,3.44,a_reference
8555,94,2.83,b_focal
8558,83,2.95,a_reference
8559,92,3.03,a_reference
8560,78,3.03,a_reference
8562,84,3.48,b_focal
8563,87,2.92,a_reference
8564,87,3.13,b_focal
8566,108,3.2,a_reference
8568,93,1.95,a_reference
8572,82,1.4,a_reference
8573,97,3.13,b_focal
8574,81,2.42,a_reference
8575,69,2.13,b_focal
8576,88,2.73,a_reference
8577,85,1.95,b_focal
8579,119,3.48,b_focal
8581,84,3.26,a_reference
8582,80,2.17,b_focal
8583,85,3.01,b_focal
8584,78,1.5,b_focal
8587,86,3.18,a_reference
8588,96,2.35,b_focal
8589,76,3.37,b_focal
8590,109,3.54,b_focal
8591,110,2.72,a_reference
8592,97,2.79,a_reference
8599,99,2.33,a_reference
8601,92,3.07,b_focal
8603,79,3.43,b_focal
8604,61,2.15,a_reference
8605,87,3.28,a_reference
8607,87,2.84,a_reference
8608,92,2.25,b_focal
8609,86,3.6,b_focal
8610,95,3.36,b_focal
8612,98,3.02,a_reference
8613,117,3.37,a_reference
8614,122,3.2,a_reference
8616,83,2.93,b_focal
8617,83,3.35,a_reference
8622,90,3.13,b_focal
8626,73,2.6,b_focal
8627,88,2.4,b_focal
8628,89,3.21,b_focal
8629,92,3.57,b_focal
8630,137,2.57,b_focal
8633,79,3.02,b_focal
8634,86,3.02,b_focal
8638,76,2.92,b_focal
8639,64,2.84,a_reference
8644,125,1.85,b_focal
8646,55,3.78,b_focal
8647,145,3.04,a_reference
8685,103,3.47,b_focal
8689,97,2.17,b_focal
8690,104,2.99,a_reference
8691,87,1.48,a_reference
8692,81,2.49,a_reference
8693,84,2.41,b_focal
8694,71,1.64,a_reference
8695,105,2.97,b_focal
8701,98,2.12,b_focal
8704,94,1.33,a_reference
8705,91,2.18,b_focal
8710,108,2.36,a_reference
8715,80,1.59,b_focal
8716,95,2.22,b_focal
8719,69,1.89,a_reference
8720,75,2.63,b_focal
8722,71,2.1,b_focal
8725,84,2.05,b_focal
8727,86,2.03,b_focal
8730,86,2.32,b_focal
8734,60,2.72,a_reference
8739,63,1.28,a_reference
8752,100,2.42,b_focal
8757,80,2.14,a_reference
8758,111,2.86,a_reference
8760,105,3.95,a_reference
8761,70,3.03,a_reference
8764,109,2.87,a_reference
8765,83,2.69,b_focal
8769,90,3.46,b_focal
8770,89,2.58,a_reference
8772,84,2.11,a_reference
8773,106,3.21,a_reference
8774,97,2.64,b_focal
8775,103,2.27,b_focal
8776,90,1.86,a_reference
8780,84,2.28,b_focal
8784,91,3.58,b_focal
8785,72,1.5,b_focal
8791,100,3.69,b_focal
8794,86,2.31,a_reference
8795,92,2.55,a_reference
8796,105,3.26,b_focal
8801,85,2.48,a_reference
8804,107,2,a_reference
8812,108,3.17,b_focal
8813,92,4,b_focal
8814,98,3.24,b_focal
8815,76,2.38,b_focal
8816,86,2.26,a_reference
8820,95,2.69,a_reference
8821,88,3.31,b_focal
8822,110,2.09,b_focal
8823,79,1.76,a_reference
8827,78,2.44,b_focal
8829,95,3.32,b_focal
8836,83,2.86,a_reference
8837,98,3.59,b_focal
8839,82,2.42,a_reference
8840,104,3.34,b_focal
8841,94,2.06,a_reference
8842,82,1,a_reference
8846,81,2.13,a_reference
8850,105,3.26,b_focal
8852,87,3.11,a_reference
8854,92,2.46,a_reference
8855,95,2.85,a_reference
8860,79,2.93,b_focal
8861,66,2.64,b_focal
8862,82,2.26,a_reference
8867,85,2.19,b_focal
8868,90,2.38,a_reference
8870,93,2.64,b_focal
8874,90,2.7,b_focal
8879,114,3.11,a_reference
8880,100,2.84,a_reference
8881,88,2.6,b_focal
8882,87,3.08,b_focal
8887,105,2.91,b_focal
8889,129,3.97,b_focal
8890,124,2.33,a_reference
8893,113,3.07,a_reference
8895,70,.96,a_reference
8897,121,3.78,b_focal
8899,99,2.89,b_focal
8901,103,2.09,a_reference
8905,89,2.31,b_focal
8907,85,1.79,a_reference
8908,89,2.49,a_reference
8909,98,3.1,a_reference
8911,87,2.78,a_reference
8914,116,2.2,a_reference
8918,107,1.9,a_reference
8919,88,3.63,b_focal
8920,71,2.8,b_focal
8922,87,3.08,b_focal
8925,97,3.65,b_focal
8929,90,1.5,b_focal
8934,91,3.33,a_reference
8939,72,2.87,a_reference
8948,82,1.87,a_reference
8950,91,3.56,b_focal
8953,91,2.86,b_focal
8962,103,2.93,b_focal
8967,74,2.51,a_reference
8971,87,2.45,a_reference
8973,80,3.23,b_focal
8978,106,3.72,a_reference
8979,105,3.16,a_reference
8980,88,2.66,b_focal
8982,102,2.93,a_reference
8985,95,2.29,a_reference
8986,95,3.22,a_reference
8987,98,3.62,b_focal
8994,80,2.55,b_focal
8995,81,2.53,a_reference
8996,89,2.62,a_reference
8998,85,2.38,b_focal
9000,65,2.57,a_reference
9001,75,2.47,b_focal
9002,88,2.53,b_focal
9004,60,2.68,b_focal
9005,73,2.22,a_reference
9007,79,2.05,a_reference
9008,101,3.67,b_focal
9011,89,3.41,b_focal
9012,97,3.76,b_focal
9014,91,1.49,b_focal
9016,82,3.36,b_focal
